{"time":"2026-06-22T10:51:47.122008+04:00","level":"INFO","msg":"no udid specified using first device in list","module":"go-ios","udid":"00008150-000505D41478401C"}
{"time":"2026-06-22T10:51:47.122883+04:00","level":"INFO","msg":"start listening, forwarding to device","module":"go-ios/forward","udid":"00008150-000505D41478401C","hostPort":12004,"phonePort":8100}
{"time":"2026-06-22T10:51:48.055891+04:00","level":"INFO","msg":"new client connected","module":"go-ios/forward","deviceID":84,"phonePort":8100,"conn":"&forward.ConnListener{listener:(*net.TCPListener)(0x4f7b3846f0c0), quit:(chan interface {})(0x4f7b38aac3f0)}"}
{"time":"2026-06-22T10:51:48.058232+04:00","level":"INFO","msg":"could not connect to phone","module":"go-ios/forward","deviceID":84,"conn":"&net.TCPConn{conn:net.conn{fd:(*net.netFD)(0x4f7b38c7e880)}}","error":"Failed connecting to service, error code:3","phonePort":8100}
{"time":"2026-06-22T10:51:48.059746+04:00","level":"INFO","msg":"new client connected","module":"go-ios/forward","deviceID":84,"phonePort":8100,"conn":"&forward.ConnListener{listener:(*net.TCPListener)(0x4f7b3846f0c0), quit:(chan interface {})(0x4f7b38aac3f0)}"}
{"time":"2026-06-22T10:51:48.061088+04:00","level":"INFO","msg":"could not connect to phone","module":"go-ios/forward","deviceID":84,"conn":"&net.TCPConn{conn:net.conn{fd:(*net.netFD)(0x4f7b38bac100)}}","error":"Failed connecting to service, error code:3","phonePort":8100}
{"time":"2026-06-22T10:51:48.874562+04:00","level":"INFO","msg":"new client connected","module":"go-ios/forward","deviceID":84,"phonePort":8100,"conn":"&forward.ConnListener{listener:(*net.TCPListener)(0x4f7b3846f0c0), quit:(chan interface {})(0x4f7b38aac3f0)}"}
{"time":"2026-06-22T10:51:48.875348+04:00","level":"INFO","msg":"could not connect to phone","module":"go-ios/forward","deviceID":84,"conn":"&net.TCPConn{conn:net.conn{fd:(*net.netFD)(0x4f7b38c7eb80)}}","error":"Failed connecting to service, error code:3","phonePort":8100}
{"time":"2026-06-22T10:51:48.878052+04:00","level":"INFO","msg":"new client connected","module":"go-ios/forward","deviceID":84,"phonePort":8100,"conn":"&forward.ConnListener{listener:(*net.TCPListener)(0x4f7b3846f0c0), quit:(chan interface {})(0x4f7b38aac3f0)}"}
{"time":"2026-06-22T10:51:48.878677+04:00","level":"INFO","msg":"could not connect to phone","module":"go-ios/forward","deviceID":84,"conn":"&net.TCPConn{conn:net.conn{fd:(*net.netFD)(0x4f7b38c7ee80)}}","error":"Failed connecting to service, error code:3","phonePort":8100}
{"time":"2026-06-22T10:51:49.562544+04:00","level":"INFO","msg":"new client connected","module":"go-ios/forward","deviceID":84,"phonePort":8100,"conn":"&forward.ConnListener{listener:(*net.TCPListener)(0x4f7b3846f0c0), quit:(chan interface {})(0x4f7b38aac3f0)}"}
{"time":"2026-06-22T10:51:49.563547+04:00","level":"INFO","msg":"could not connect to phone","module":"go-ios/forward","deviceID":84,"conn":"&net.TCPConn{conn:net.conn{fd:(*net.netFD)(0x4f7b38bac400)}}","error":"Failed connecting to service, error code:3","phonePort":8100}
{"time":"2026-06-22T10:51:49.564143+04:00","level":"INFO","msg":"new client connected","module":"go-ios/forward","deviceID":84,"phonePort":8100,"conn":"&forward.ConnListener{listener:(*net.TCPListener)(0x4f7b3846f0c0), quit:(chan interface {})(0x4f7b38aac3f0)}"}
{"time":"2026-06-22T10:51:49.564655+04:00","level":"INFO","msg":"could not connect to phone","module":"go-ios/forward","deviceID":84,"conn":"&net.TCPConn{conn:net.conn{fd:(*net.netFD)(0x4f7b38bac700)}}","error":"Failed connecting to service, error code:3","phonePort":8100}
{"time":"2026-06-22T10:51:50.37984+04:00","level":"INFO","msg":"new client connected","module":"go-ios/forward","deviceID":84,"phonePort":8100,"conn":"&forward.ConnListener{listener:(*net.TCPListener)(0x4f7b3846f0c0), quit:(chan interface {})(0x4f7b38aac3f0)}"}
{"time":"2026-06-22T10:51:50.380636+04:00","level":"INFO","msg":"could not connect to phone","module":"go-ios/forward","deviceID":84,"conn":"&net.TCPConn{conn:net.conn{fd:(*net.netFD)(0x4f7b38baca00)}}","error":"Failed connecting to service, error code:3","phonePort":8100}
{"time":"2026-06-22T10:51:50.381401+04:00","level":"INFO","msg":"new client connected","module":"go-ios/forward","deviceID":84,"phonePort":8100,"conn":"&forward.ConnListener{listener:(*net.TCPListener)(0x4f7b3846f0c0), quit:(chan interface {})(0x4f7b38aac3f0)}"}
{"time":"2026-06-22T10:51:50.381961+04:00","level":"INFO","msg":"could not connect to phone","module":"go-ios/forward","deviceID":84,"conn":"&net.TCPConn{conn:net.conn{fd:(*net.netFD)(0x4f7b38bacd00)}}","error":"Failed connecting to service, error code:3","phonePort":8100}
{"time":"2026-06-22T10:51:51.067368+04:00","level":"INFO","msg":"new client connected","module":"go-ios/forward","deviceID":84,"phonePort":8100,"conn":"&forward.ConnListener{listener:(*net.TCPListener)(0x4f7b3846f0c0), quit:(chan interface {})(0x4f7b38aac3f0)}"}
{"time":"2026-06-22T10:51:51.06819+04:00","level":"INFO","msg":"could not connect to phone","module":"go-ios/forward","deviceID":84,"conn":"&net.TCPConn{conn:net.conn{fd:(*net.netFD)(0x4f7b38c7f180)}}","error":"Failed connecting to service, error code:3","phonePort":8100}
{"time":"2026-06-22T10:51:51.068674+04:00","level":"INFO","msg":"new client connected","module":"go-ios/forward","deviceID":84,"phonePort":8100,"conn":"&forward.ConnListener{listener:(*net.TCPListener)(0x4f7b3846f0c0), quit:(chan interface {})(0x4f7b38aac3f0)}"}
{"time":"2026-06-22T10:51:51.069343+04:00","level":"INFO","msg":"could not connect to phone","module":"go-ios/forward","deviceID":84,"conn":"&net.TCPConn{conn:net.conn{fd:(*net.netFD)(0x4f7b38c7f480)}}","error":"Failed connecting to service, error code:3","phonePort":8100}
{"time":"2026-06-22T10:51:51.883399+04:00","level":"INFO","msg":"new client connected","module":"go-ios/forward","deviceID":84,"phonePort":8100,"conn":"&forward.ConnListener{listener:(*net.TCPListener)(0x4f7b3846f0c0), quit:(chan interface {})(0x4f7b38aac3f0)}"}
{"time":"2026-06-22T10:51:51.884379+04:00","level":"INFO","msg":"could not connect to phone","module":"go-ios/forward","deviceID":84,"conn":"&net.TCPConn{conn:net.conn{fd:(*net.netFD)(0x4f7b38c7f780)}}","error":"Failed connecting to service, error code:3","phonePort":8100}
{"time":"2026-06-22T10:51:51.885046+04:00","level":"INFO","msg":"new client connected","module":"go-ios/forward","deviceID":84,"phonePort":8100,"conn":"&forward.ConnListener{listener:(*net.TCPListener)(0x4f7b3846f0c0), quit:(chan interface {})(0x4f7b38aac3f0)}"}
{"time":"2026-06-22T10:51:51.885767+04:00","level":"INFO","msg":"could not connect to phone","module":"go-ios/forward","deviceID":84,"conn":"&net.TCPConn{conn:net.conn{fd:(*net.netFD)(0x4f7b38c7fa80)}}","error":"Failed connecting to service, error code:3","phonePort":8100}
{"time":"2026-06-22T10:51:52.571402+04:00","level":"INFO","msg":"new client connected","module":"go-ios/forward","deviceID":84,"phonePort":8100,"conn":"&forward.ConnListener{listener:(*net.TCPListener)(0x4f7b3846f0c0), quit:(chan interface {})(0x4f7b38aac3f0)}"}
{"time":"2026-06-22T10:51:52.573206+04:00","level":"INFO","msg":"could not connect to phone","module":"go-ios/forward","deviceID":84,"conn":"&net.TCPConn{conn:net.conn{fd:(*net.netFD)(0x4f7b38bad000)}}","error":"Failed connecting to service, error code:3","phonePort":8100}
{"time":"2026-06-22T10:51:52.574315+04:00","level":"INFO","msg":"new client connected","module":"go-ios/forward","deviceID":84,"phonePort":8100,"conn":"&forward.ConnListener{listener:(*net.TCPListener)(0x4f7b3846f0c0), quit:(chan interface {})(0x4f7b38aac3f0)}"}
{"time":"2026-06-22T10:51:52.575349+04:00","level":"INFO","msg":"could not connect to phone","module":"go-ios/forward","deviceID":84,"conn":"&net.TCPConn{conn:net.conn{fd:(*net.netFD)(0x4f7b38bad300)}}","error":"Failed connecting to service, error code:3","phonePort":8100}
{"time":"2026-06-22T10:51:53.387659+04:00","level":"INFO","msg":"new client connected","module":"go-ios/forward","deviceID":84,"phonePort":8100,"conn":"&forward.ConnListener{listener:(*net.TCPListener)(0x4f7b3846f0c0), quit:(chan interface {})(0x4f7b38aac3f0)}"}
{"time":"2026-06-22T10:51:53.388806+04:00","level":"INFO","msg":"could not connect to phone","module":"go-ios/forward","deviceID":84,"conn":"&net.TCPConn{conn:net.conn{fd:(*net.netFD)(0x4f7b38c7fd80)}}","error":"Failed connecting to service, error code:3","phonePort":8100}
{"time":"2026-06-22T10:51:53.3896+04:00","level":"INFO","msg":"new client connected","module":"go-ios/forward","deviceID":84,"phonePort":8100,"conn":"&forward.ConnListener{listener:(*net.TCPListener)(0x4f7b3846f0c0), quit:(chan interface {})(0x4f7b38aac3f0)}"}
{"time":"2026-06-22T10:51:53.390143+04:00","level":"INFO","msg":"could not connect to phone","module":"go-ios/forward","deviceID":84,"conn":"&net.TCPConn{conn:net.conn{fd:(*net.netFD)(0x4f7b386d0180)}}","error":"Failed connecting to service, error code:3","phonePort":8100}
{"time":"2026-06-22T10:51:54.079181+04:00","level":"INFO","msg":"new client connected","module":"go-ios/forward","deviceID":84,"phonePort":8100,"conn":"&forward.ConnListener{listener:(*net.TCPListener)(0x4f7b3846f0c0), quit:(chan interface {})(0x4f7b38aac3f0)}"}
{"time":"2026-06-22T10:51:54.080139+04:00","level":"INFO","msg":"could not connect to phone","module":"go-ios/forward","deviceID":84,"conn":"&net.TCPConn{conn:net.conn{fd:(*net.netFD)(0x4f7b386d0480)}}","error":"Failed connecting to service, error code:3","phonePort":8100}
{"time":"2026-06-22T10:51:54.080797+04:00","level":"INFO","msg":"new client connected","module":"go-ios/forward","deviceID":84,"phonePort":8100,"conn":"&forward.ConnListener{listener:(*net.TCPListener)(0x4f7b3846f0c0), quit:(chan interface {})(0x4f7b38aac3f0)}"}
{"time":"2026-06-22T10:51:54.081396+04:00","level":"INFO","msg":"could not connect to phone","module":"go-ios/forward","deviceID":84,"conn":"&net.TCPConn{conn:net.conn{fd:(*net.netFD)(0x4f7b386d0780)}}","error":"Failed connecting to service, error code:3","phonePort":8100}
{"time":"2026-06-22T10:51:54.892431+04:00","level":"INFO","msg":"new client connected","module":"go-ios/forward","deviceID":84,"phonePort":8100,"conn":"&forward.ConnListener{listener:(*net.TCPListener)(0x4f7b3846f0c0), quit:(chan interface {})(0x4f7b38aac3f0)}"}
{"time":"2026-06-22T10:51:54.893429+04:00","level":"INFO","msg":"could not connect to phone","module":"go-ios/forward","deviceID":84,"conn":"&net.TCPConn{conn:net.conn{fd:(*net.netFD)(0x4f7b38bad600)}}","error":"Failed connecting to service, error code:3","phonePort":8100}
{"time":"2026-06-22T10:51:54.894203+04:00","level":"INFO","msg":"new client connected","module":"go-ios/forward","deviceID":84,"phonePort":8100,"conn":"&forward.ConnListener{listener:(*net.TCPListener)(0x4f7b3846f0c0), quit:(chan interface {})(0x4f7b38aac3f0)}"}
{"time":"2026-06-22T10:51:54.894776+04:00","level":"INFO","msg":"could not connect to phone","module":"go-ios/forward","deviceID":84,"conn":"&net.TCPConn{conn:net.conn{fd:(*net.netFD)(0x4f7b38bad900)}}","error":"Failed connecting to service, error code:3","phonePort":8100}
{"time":"2026-06-22T10:51:55.582742+04:00","level":"INFO","msg":"new client connected","module":"go-ios/forward","deviceID":84,"phonePort":8100,"conn":"&forward.ConnListener{listener:(*net.TCPListener)(0x4f7b3846f0c0), quit:(chan interface {})(0x4f7b38aac3f0)}"}
{"time":"2026-06-22T10:51:55.583707+04:00","level":"INFO","msg":"could not connect to phone","module":"go-ios/forward","deviceID":84,"conn":"&net.TCPConn{conn:net.conn{fd:(*net.netFD)(0x4f7b386d0a80)}}","error":"Failed connecting to service, error code:3","phonePort":8100}
{"time":"2026-06-22T10:51:55.584241+04:00","level":"INFO","msg":"new client connected","module":"go-ios/forward","deviceID":84,"phonePort":8100,"conn":"&forward.ConnListener{listener:(*net.TCPListener)(0x4f7b3846f0c0), quit:(chan interface {})(0x4f7b38aac3f0)}"}
{"time":"2026-06-22T10:51:55.584992+04:00","level":"INFO","msg":"could not connect to phone","module":"go-ios/forward","deviceID":84,"conn":"&net.TCPConn{conn:net.conn{fd:(*net.netFD)(0x4f7b386d0d80)}}","error":"Failed connecting to service, error code:3","phonePort":8100}
{"time":"2026-06-22T10:51:56.396476+04:00","level":"INFO","msg":"new client connected","module":"go-ios/forward","deviceID":84,"phonePort":8100,"conn":"&forward.ConnListener{listener:(*net.TCPListener)(0x4f7b3846f0c0), quit:(chan interface {})(0x4f7b38aac3f0)}"}
{"time":"2026-06-22T10:51:56.397596+04:00","level":"INFO","msg":"could not connect to phone","module":"go-ios/forward","deviceID":84,"conn":"&net.TCPConn{conn:net.conn{fd:(*net.netFD)(0x4f7b38badc00)}}","error":"Failed connecting to service, error code:3","phonePort":8100}
{"time":"2026-06-22T10:51:56.398249+04:00","level":"INFO","msg":"new client connected","module":"go-ios/forward","deviceID":84,"phonePort":8100,"conn":"&forward.ConnListener{listener:(*net.TCPListener)(0x4f7b3846f0c0), quit:(chan interface {})(0x4f7b38aac3f0)}"}
{"time":"2026-06-22T10:51:56.39875+04:00","level":"INFO","msg":"could not connect to phone","module":"go-ios/forward","deviceID":84,"conn":"&net.TCPConn{conn:net.conn{fd:(*net.netFD)(0x4f7b386d1080)}}","error":"Failed connecting to service, error code:3","phonePort":8100}
{"time":"2026-06-22T10:51:57.085935+04:00","level":"INFO","msg":"new client connected","module":"go-ios/forward","deviceID":84,"phonePort":8100,"conn":"&forward.ConnListener{listener:(*net.TCPListener)(0x4f7b3846f0c0), quit:(chan interface {})(0x4f7b38aac3f0)}"}
{"time":"2026-06-22T10:51:57.08688+04:00","level":"INFO","msg":"could not connect to phone","module":"go-ios/forward","deviceID":84,"conn":"&net.TCPConn{conn:net.conn{fd:(*net.netFD)(0x4f7b386d1380)}}","error":"Failed connecting to service, error code:3","phonePort":8100}
{"time":"2026-06-22T10:51:57.087469+04:00","level":"INFO","msg":"new client connected","module":"go-ios/forward","deviceID":84,"phonePort":8100,"conn":"&forward.ConnListener{listener:(*net.TCPListener)(0x4f7b3846f0c0), quit:(chan interface {})(0x4f7b38aac3f0)}"}
{"time":"2026-06-22T10:51:57.087977+04:00","level":"INFO","msg":"could not connect to phone","module":"go-ios/forward","deviceID":84,"conn":"&net.TCPConn{conn:net.conn{fd:(*net.netFD)(0x4f7b38bd8000)}}","error":"Failed connecting to service, error code:3","phonePort":8100}
{"time":"2026-06-22T10:51:57.898538+04:00","level":"INFO","msg":"new client connected","module":"go-ios/forward","deviceID":84,"phonePort":8100,"conn":"&forward.ConnListener{listener:(*net.TCPListener)(0x4f7b3846f0c0), quit:(chan interface {})(0x4f7b38aac3f0)}"}
{"time":"2026-06-22T10:51:57.899454+04:00","level":"INFO","msg":"could not connect to phone","module":"go-ios/forward","deviceID":84,"conn":"&net.TCPConn{conn:net.conn{fd:(*net.netFD)(0x4f7b38bd8300)}}","error":"Failed connecting to service, error code:3","phonePort":8100}
{"time":"2026-06-22T10:51:57.9001+04:00","level":"INFO","msg":"new client connected","module":"go-ios/forward","deviceID":84,"phonePort":8100,"conn":"&forward.ConnListener{listener:(*net.TCPListener)(0x4f7b3846f0c0), quit:(chan interface {})(0x4f7b38aac3f0)}"}
{"time":"2026-06-22T10:51:57.900678+04:00","level":"INFO","msg":"could not connect to phone","module":"go-ios/forward","deviceID":84,"conn":"&net.TCPConn{conn:net.conn{fd:(*net.netFD)(0x4f7b38bd8600)}}","error":"Failed connecting to service, error code:3","phonePort":8100}
{"time":"2026-06-22T10:51:58.587163+04:00","level":"INFO","msg":"new client connected","module":"go-ios/forward","deviceID":84,"phonePort":8100,"conn":"&forward.ConnListener{listener:(*net.TCPListener)(0x4f7b3846f0c0), quit:(chan interface {})(0x4f7b38aac3f0)}"}
{"time":"2026-06-22T10:51:58.588108+04:00","level":"INFO","msg":"could not connect to phone","module":"go-ios/forward","deviceID":84,"conn":"&net.TCPConn{conn:net.conn{fd:(*net.netFD)(0x4f7b38bd8900)}}","error":"Failed connecting to service, error code:3","phonePort":8100}
{"time":"2026-06-22T10:51:58.588558+04:00","level":"INFO","msg":"new client connected","module":"go-ios/forward","deviceID":84,"phonePort":8100,"conn":"&forward.ConnListener{listener:(*net.TCPListener)(0x4f7b3846f0c0), quit:(chan interface {})(0x4f7b38aac3f0)}"}
{"time":"2026-06-22T10:51:58.589276+04:00","level":"INFO","msg":"could not connect to phone","module":"go-ios/forward","deviceID":84,"conn":"&net.TCPConn{conn:net.conn{fd:(*net.netFD)(0x4f7b38bd8c00)}}","error":"Failed connecting to service, error code:3","phonePort":8100}
{"time":"2026-06-22T10:51:59.398761+04:00","level":"INFO","msg":"new client connected","module":"go-ios/forward","deviceID":84,"phonePort":8100,"conn":"&forward.ConnListener{listener:(*net.TCPListener)(0x4f7b3846f0c0), quit:(chan interface {})(0x4f7b38aac3f0)}"}
{"time":"2026-06-22T10:51:59.399697+04:00","level":"INFO","msg":"could not connect to phone","module":"go-ios/forward","deviceID":84,"conn":"&net.TCPConn{conn:net.conn{fd:(*net.netFD)(0x4f7b386d1680)}}","error":"Failed connecting to service, error code:3","phonePort":8100}
{"time":"2026-06-22T10:51:59.40044+04:00","level":"INFO","msg":"new client connected","module":"go-ios/forward","deviceID":84,"phonePort":8100,"conn":"&forward.ConnListener{listener:(*net.TCPListener)(0x4f7b3846f0c0), quit:(chan interface {})(0x4f7b38aac3f0)}"}
{"time":"2026-06-22T10:51:59.401085+04:00","level":"INFO","msg":"could not connect to phone","module":"go-ios/forward","deviceID":84,"conn":"&net.TCPConn{conn:net.conn{fd:(*net.netFD)(0x4f7b386d1980)}}","error":"Failed connecting to service, error code:3","phonePort":8100}
{"time":"2026-06-22T10:52:00.087432+04:00","level":"INFO","msg":"new client connected","module":"go-ios/forward","deviceID":84,"phonePort":8100,"conn":"&forward.ConnListener{listener:(*net.TCPListener)(0x4f7b3846f0c0), quit:(chan interface {})(0x4f7b38aac3f0)}"}
{"time":"2026-06-22T10:52:00.088663+04:00","level":"INFO","msg":"could not connect to phone","module":"go-ios/forward","deviceID":84,"conn":"&net.TCPConn{conn:net.conn{fd:(*net.netFD)(0x4f7b386d1c80)}}","error":"Failed connecting to service, error code:3","phonePort":8100}
{"time":"2026-06-22T10:52:00.089154+04:00","level":"INFO","msg":"new client connected","module":"go-ios/forward","deviceID":84,"phonePort":8100,"conn":"&forward.ConnListener{listener:(*net.TCPListener)(0x4f7b3846f0c0), quit:(chan interface {})(0x4f7b38aac3f0)}"}
{"time":"2026-06-22T10:52:00.089729+04:00","level":"INFO","msg":"could not connect to phone","module":"go-ios/forward","deviceID":84,"conn":"&net.TCPConn{conn:net.conn{fd:(*net.netFD)(0x4f7b386f0080)}}","error":"Failed connecting to service, error code:3","phonePort":8100}
{"time":"2026-06-22T10:52:00.90063+04:00","level":"INFO","msg":"new client connected","module":"go-ios/forward","deviceID":84,"phonePort":8100,"conn":"&forward.ConnListener{listener:(*net.TCPListener)(0x4f7b3846f0c0), quit:(chan interface {})(0x4f7b38aac3f0)}"}
{"time":"2026-06-22T10:52:00.901579+04:00","level":"INFO","msg":"could not connect to phone","module":"go-ios/forward","deviceID":84,"conn":"&net.TCPConn{conn:net.conn{fd:(*net.netFD)(0x4f7b386f0380)}}","error":"Failed connecting to service, error code:3","phonePort":8100}
{"time":"2026-06-22T10:52:00.902067+04:00","level":"INFO","msg":"new client connected","module":"go-ios/forward","deviceID":84,"phonePort":8100,"conn":"&forward.ConnListener{listener:(*net.TCPListener)(0x4f7b3846f0c0), quit:(chan interface {})(0x4f7b38aac3f0)}"}
{"time":"2026-06-22T10:52:00.902631+04:00","level":"INFO","msg":"could not connect to phone","module":"go-ios/forward","deviceID":84,"conn":"&net.TCPConn{conn:net.conn{fd:(*net.netFD)(0x4f7b386f0680)}}","error":"Failed connecting to service, error code:3","phonePort":8100}
{"time":"2026-06-22T10:52:01.58821+04:00","level":"INFO","msg":"new client connected","module":"go-ios/forward","deviceID":84,"phonePort":8100,"conn":"&forward.ConnListener{listener:(*net.TCPListener)(0x4f7b3846f0c0), quit:(chan interface {})(0x4f7b38aac3f0)}"}
{"time":"2026-06-22T10:52:01.589148+04:00","level":"INFO","msg":"could not connect to phone","module":"go-ios/forward","deviceID":84,"conn":"&net.TCPConn{conn:net.conn{fd:(*net.netFD)(0x4f7b38bd8f00)}}","error":"Failed connecting to service, error code:3","phonePort":8100}
{"time":"2026-06-22T10:52:01.589774+04:00","level":"INFO","msg":"new client connected","module":"go-ios/forward","deviceID":84,"phonePort":8100,"conn":"&forward.ConnListener{listener:(*net.TCPListener)(0x4f7b3846f0c0), quit:(chan interface {})(0x4f7b38aac3f0)}"}
{"time":"2026-06-22T10:52:01.59036+04:00","level":"INFO","msg":"could not connect to phone","module":"go-ios/forward","deviceID":84,"conn":"&net.TCPConn{conn:net.conn{fd:(*net.netFD)(0x4f7b386f0980)}}","error":"Failed connecting to service, error code:3","phonePort":8100}
{"time":"2026-06-22T10:52:02.402243+04:00","level":"INFO","msg":"new client connected","module":"go-ios/forward","deviceID":84,"phonePort":8100,"conn":"&forward.ConnListener{listener:(*net.TCPListener)(0x4f7b3846f0c0), quit:(chan interface {})(0x4f7b38aac3f0)}"}
{"time":"2026-06-22T10:52:02.403387+04:00","level":"INFO","msg":"could not connect to phone","module":"go-ios/forward","deviceID":84,"conn":"&net.TCPConn{conn:net.conn{fd:(*net.netFD)(0x4f7b38bd9200)}}","error":"Failed connecting to service, error code:3","phonePort":8100}
{"time":"2026-06-22T10:52:02.404075+04:00","level":"INFO","msg":"new client connected","module":"go-ios/forward","deviceID":84,"phonePort":8100,"conn":"&forward.ConnListener{listener:(*net.TCPListener)(0x4f7b3846f0c0), quit:(chan interface {})(0x4f7b38aac3f0)}"}
{"time":"2026-06-22T10:52:02.404774+04:00","level":"INFO","msg":"could not connect to phone","module":"go-ios/forward","deviceID":84,"conn":"&net.TCPConn{conn:net.conn{fd:(*net.netFD)(0x4f7b38bd9500)}}","error":"Failed connecting to service, error code:3","phonePort":8100}
{"time":"2026-06-22T10:52:03.089122+04:00","level":"INFO","msg":"new client connected","module":"go-ios/forward","deviceID":84,"phonePort":8100,"conn":"&forward.ConnListener{listener:(*net.TCPListener)(0x4f7b3846f0c0), quit:(chan interface {})(0x4f7b38aac3f0)}"}
{"time":"2026-06-22T10:52:03.090111+04:00","level":"INFO","msg":"could not connect to phone","module":"go-ios/forward","deviceID":84,"conn":"&net.TCPConn{conn:net.conn{fd:(*net.netFD)(0x4f7b38bd9800)}}","error":"Failed connecting to service, error code:3","phonePort":8100}
{"time":"2026-06-22T10:52:03.090669+04:00","level":"INFO","msg":"new client connected","module":"go-ios/forward","deviceID":84,"phonePort":8100,"conn":"&forward.ConnListener{listener:(*net.TCPListener)(0x4f7b3846f0c0), quit:(chan interface {})(0x4f7b38aac3f0)}"}
{"time":"2026-06-22T10:52:03.091409+04:00","level":"INFO","msg":"could not connect to phone","module":"go-ios/forward","deviceID":84,"conn":"&net.TCPConn{conn:net.conn{fd:(*net.netFD)(0x4f7b38bd9b00)}}","error":"Failed connecting to service, error code:3","phonePort":8100}
{"time":"2026-06-22T10:52:03.904513+04:00","level":"INFO","msg":"new client connected","module":"go-ios/forward","deviceID":84,"phonePort":8100,"conn":"&forward.ConnListener{listener:(*net.TCPListener)(0x4f7b3846f0c0), quit:(chan interface {})(0x4f7b38aac3f0)}"}
{"time":"2026-06-22T10:52:03.905732+04:00","level":"INFO","msg":"could not connect to phone","module":"go-ios/forward","deviceID":84,"conn":"&net.TCPConn{conn:net.conn{fd:(*net.netFD)(0x4f7b386f0c80)}}","error":"Failed connecting to service, error code:3","phonePort":8100}
{"time":"2026-06-22T10:52:03.906948+04:00","level":"INFO","msg":"new client connected","module":"go-ios/forward","deviceID":84,"phonePort":8100,"conn":"&forward.ConnListener{listener:(*net.TCPListener)(0x4f7b3846f0c0), quit:(chan interface {})(0x4f7b38aac3f0)}"}
{"time":"2026-06-22T10:52:03.907938+04:00","level":"INFO","msg":"could not connect to phone","module":"go-ios/forward","deviceID":84,"conn":"&net.TCPConn{conn:net.conn{fd:(*net.netFD)(0x4f7b386f0f80)}}","error":"Failed connecting to service, error code:3","phonePort":8100}
{"time":"2026-06-22T10:52:04.591264+04:00","level":"INFO","msg":"new client connected","module":"go-ios/forward","deviceID":84,"phonePort":8100,"conn":"&forward.ConnListener{listener:(*net.TCPListener)(0x4f7b3846f0c0), quit:(chan interface {})(0x4f7b38aac3f0)}"}
{"time":"2026-06-22T10:52:04.592228+04:00","level":"INFO","msg":"could not connect to phone","module":"go-ios/forward","deviceID":84,"conn":"&net.TCPConn{conn:net.conn{fd:(*net.netFD)(0x4f7b386f1280)}}","error":"Failed connecting to service, error code:3","phonePort":8100}
{"time":"2026-06-22T10:52:04.592926+04:00","level":"INFO","msg":"new client connected","module":"go-ios/forward","deviceID":84,"phonePort":8100,"conn":"&forward.ConnListener{listener:(*net.TCPListener)(0x4f7b3846f0c0), quit:(chan interface {})(0x4f7b38aac3f0)}"}
{"time":"2026-06-22T10:52:04.593864+04:00","level":"INFO","msg":"could not connect to phone","module":"go-ios/forward","deviceID":84,"conn":"&net.TCPConn{conn:net.conn{fd:(*net.netFD)(0x4f7b386f1580)}}","error":"Failed connecting to service, error code:3","phonePort":8100}
{"time":"2026-06-22T10:52:05.407669+04:00","level":"INFO","msg":"new client connected","module":"go-ios/forward","deviceID":84,"phonePort":8100,"conn":"&forward.ConnListener{listener:(*net.TCPListener)(0x4f7b3846f0c0), quit:(chan interface {})(0x4f7b38aac3f0)}"}
{"time":"2026-06-22T10:52:05.408896+04:00","level":"INFO","msg":"could not connect to phone","module":"go-ios/forward","deviceID":84,"conn":"&net.TCPConn{conn:net.conn{fd:(*net.netFD)(0x4f7b38bd9e00)}}","error":"Failed connecting to service, error code:3","phonePort":8100}
{"time":"2026-06-22T10:52:05.409536+04:00","level":"INFO","msg":"new client connected","module":"go-ios/forward","deviceID":84,"phonePort":8100,"conn":"&forward.ConnListener{listener:(*net.TCPListener)(0x4f7b3846f0c0), quit:(chan interface {})(0x4f7b38aac3f0)}"}
{"time":"2026-06-22T10:52:05.410345+04:00","level":"INFO","msg":"could not connect to phone","module":"go-ios/forward","deviceID":84,"conn":"&net.TCPConn{conn:net.conn{fd:(*net.netFD)(0x4f7b38bf2200)}}","error":"Failed connecting to service, error code:3","phonePort":8100}
{"time":"2026-06-22T10:52:06.093765+04:00","level":"INFO","msg":"new client connected","module":"go-ios/forward","deviceID":84,"phonePort":8100,"conn":"&forward.ConnListener{listener:(*net.TCPListener)(0x4f7b3846f0c0), quit:(chan interface {})(0x4f7b38aac3f0)}"}
{"time":"2026-06-22T10:52:06.094829+04:00","level":"INFO","msg":"could not connect to phone","module":"go-ios/forward","deviceID":84,"conn":"&net.TCPConn{conn:net.conn{fd:(*net.netFD)(0x4f7b386f1880)}}","error":"Failed connecting to service, error code:3","phonePort":8100}
{"time":"2026-06-22T10:52:06.09539+04:00","level":"INFO","msg":"new client connected","module":"go-ios/forward","deviceID":84,"phonePort":8100,"conn":"&forward.ConnListener{listener:(*net.TCPListener)(0x4f7b3846f0c0), quit:(chan interface {})(0x4f7b38aac3f0)}"}
{"time":"2026-06-22T10:52:06.096345+04:00","level":"INFO","msg":"could not connect to phone","module":"go-ios/forward","deviceID":84,"conn":"&net.TCPConn{conn:net.conn{fd:(*net.netFD)(0x4f7b38bf2500)}}","error":"Failed connecting to service, error code:3","phonePort":8100}
{"time":"2026-06-22T10:52:06.908871+04:00","level":"INFO","msg":"new client connected","module":"go-ios/forward","deviceID":84,"phonePort":8100,"conn":"&forward.ConnListener{listener:(*net.TCPListener)(0x4f7b3846f0c0), quit:(chan interface {})(0x4f7b38aac3f0)}"}
{"time":"2026-06-22T10:52:06.909869+04:00","level":"INFO","msg":"could not connect to phone","module":"go-ios/forward","deviceID":84,"conn":"&net.TCPConn{conn:net.conn{fd:(*net.netFD)(0x4f7b38bf2800)}}","error":"Failed connecting to service, error code:3","phonePort":8100}
{"time":"2026-06-22T10:52:06.91047+04:00","level":"INFO","msg":"new client connected","module":"go-ios/forward","deviceID":84,"phonePort":8100,"conn":"&forward.ConnListener{listener:(*net.TCPListener)(0x4f7b3846f0c0), quit:(chan interface {})(0x4f7b38aac3f0)}"}
{"time":"2026-06-22T10:52:06.911281+04:00","level":"INFO","msg":"could not connect to phone","module":"go-ios/forward","deviceID":84,"conn":"&net.TCPConn{conn:net.conn{fd:(*net.netFD)(0x4f7b38bf2b00)}}","error":"Failed connecting to service, error code:3","phonePort":8100}
{"time":"2026-06-22T10:52:07.596381+04:00","level":"INFO","msg":"new client connected","module":"go-ios/forward","deviceID":84,"phonePort":8100,"conn":"&forward.ConnListener{listener:(*net.TCPListener)(0x4f7b3846f0c0), quit:(chan interface {})(0x4f7b38aac3f0)}"}
{"time":"2026-06-22T10:52:07.597415+04:00","level":"INFO","msg":"could not connect to phone","module":"go-ios/forward","deviceID":84,"conn":"&net.TCPConn{conn:net.conn{fd:(*net.netFD)(0x4f7b386f1d80)}}","error":"Failed connecting to service, error code:3","phonePort":8100}
{"time":"2026-06-22T10:52:07.598118+04:00","level":"INFO","msg":"new client connected","module":"go-ios/forward","deviceID":84,"phonePort":8100,"conn":"&forward.ConnListener{listener:(*net.TCPListener)(0x4f7b3846f0c0), quit:(chan interface {})(0x4f7b38aac3f0)}"}
{"time":"2026-06-22T10:52:07.598801+04:00","level":"INFO","msg":"could not connect to phone","module":"go-ios/forward","deviceID":84,"conn":"&net.TCPConn{conn:net.conn{fd:(*net.netFD)(0x4f7b3871c180)}}","error":"Failed connecting to service, error code:3","phonePort":8100}
{"time":"2026-06-22T10:52:08.411777+04:00","level":"INFO","msg":"new client connected","module":"go-ios/forward","deviceID":84,"phonePort":8100,"conn":"&forward.ConnListener{listener:(*net.TCPListener)(0x4f7b3846f0c0), quit:(chan interface {})(0x4f7b38aac3f0)}"}
{"time":"2026-06-22T10:52:08.412859+04:00","level":"INFO","msg":"could not connect to phone","module":"go-ios/forward","deviceID":84,"conn":"&net.TCPConn{conn:net.conn{fd:(*net.netFD)(0x4f7b3871c480)}}","error":"Failed connecting to service, error code:3","phonePort":8100}
{"time":"2026-06-22T10:52:08.413395+04:00","level":"INFO","msg":"new client connected","module":"go-ios/forward","deviceID":84,"phonePort":8100,"conn":"&forward.ConnListener{listener:(*net.TCPListener)(0x4f7b3846f0c0), quit:(chan interface {})(0x4f7b38aac3f0)}"}
{"time":"2026-06-22T10:52:08.414229+04:00","level":"INFO","msg":"could not connect to phone","module":"go-ios/forward","deviceID":84,"conn":"&net.TCPConn{conn:net.conn{fd:(*net.netFD)(0x4f7b3871c780)}}","error":"Failed connecting to service, error code:3","phonePort":8100}
{"time":"2026-06-22T10:52:09.098587+04:00","level":"INFO","msg":"new client connected","module":"go-ios/forward","deviceID":84,"phonePort":8100,"conn":"&forward.ConnListener{listener:(*net.TCPListener)(0x4f7b3846f0c0), quit:(chan interface {})(0x4f7b38aac3f0)}"}
{"time":"2026-06-22T10:52:09.099688+04:00","level":"INFO","msg":"could not connect to phone","module":"go-ios/forward","deviceID":84,"conn":"&net.TCPConn{conn:net.conn{fd:(*net.netFD)(0x4f7b385bc100)}}","error":"Failed connecting to service, error code:3","phonePort":8100}
{"time":"2026-06-22T10:52:09.100371+04:00","level":"INFO","msg":"new client connected","module":"go-ios/forward","deviceID":84,"phonePort":8100,"conn":"&forward.ConnListener{listener:(*net.TCPListener)(0x4f7b3846f0c0), quit:(chan interface {})(0x4f7b38aac3f0)}"}
{"time":"2026-06-22T10:52:09.101135+04:00","level":"INFO","msg":"could not connect to phone","module":"go-ios/forward","deviceID":84,"conn":"&net.TCPConn{conn:net.conn{fd:(*net.netFD)(0x4f7b385bc400)}}","error":"Failed connecting to service, error code:3","phonePort":8100}
{"time":"2026-06-22T10:52:09.914552+04:00","level":"INFO","msg":"new client connected","module":"go-ios/forward","deviceID":84,"phonePort":8100,"conn":"&forward.ConnListener{listener:(*net.TCPListener)(0x4f7b3846f0c0), quit:(chan interface {})(0x4f7b38aac3f0)}"}
{"time":"2026-06-22T10:52:09.916112+04:00","level":"INFO","msg":"could not connect to phone","module":"go-ios/forward","deviceID":84,"conn":"&net.TCPConn{conn:net.conn{fd:(*net.netFD)(0x4f7b385bc700)}}","error":"Failed connecting to service, error code:3","phonePort":8100}
{"time":"2026-06-22T10:52:09.918312+04:00","level":"INFO","msg":"new client connected","module":"go-ios/forward","deviceID":84,"phonePort":8100,"conn":"&forward.ConnListener{listener:(*net.TCPListener)(0x4f7b3846f0c0), quit:(chan interface {})(0x4f7b38aac3f0)}"}
{"time":"2026-06-22T10:52:09.919616+04:00","level":"INFO","msg":"could not connect to phone","module":"go-ios/forward","deviceID":84,"conn":"&net.TCPConn{conn:net.conn{fd:(*net.netFD)(0x4f7b385bca00)}}","error":"Failed connecting to service, error code:3","phonePort":8100}
{"time":"2026-06-22T10:52:10.601617+04:00","level":"INFO","msg":"new client connected","module":"go-ios/forward","deviceID":84,"phonePort":8100,"conn":"&forward.ConnListener{listener:(*net.TCPListener)(0x4f7b3846f0c0), quit:(chan interface {})(0x4f7b38aac3f0)}"}
{"time":"2026-06-22T10:52:10.602634+04:00","level":"INFO","msg":"could not connect to phone","module":"go-ios/forward","deviceID":84,"conn":"&net.TCPConn{conn:net.conn{fd:(*net.netFD)(0x4f7b3871ca80)}}","error":"Failed connecting to service, error code:3","phonePort":8100}
{"time":"2026-06-22T10:52:10.603539+04:00","level":"INFO","msg":"new client connected","module":"go-ios/forward","deviceID":84,"phonePort":8100,"conn":"&forward.ConnListener{listener:(*net.TCPListener)(0x4f7b3846f0c0), quit:(chan interface {})(0x4f7b38aac3f0)}"}
{"time":"2026-06-22T10:52:10.604502+04:00","level":"INFO","msg":"could not connect to phone","module":"go-ios/forward","deviceID":84,"conn":"&net.TCPConn{conn:net.conn{fd:(*net.netFD)(0x4f7b385bcd00)}}","error":"Failed connecting to service, error code:3","phonePort":8100}
{"time":"2026-06-22T10:52:11.428593+04:00","level":"INFO","msg":"new client connected","module":"go-ios/forward","deviceID":84,"phonePort":8100,"conn":"&forward.ConnListener{listener:(*net.TCPListener)(0x4f7b3846f0c0), quit:(chan interface {})(0x4f7b38aac3f0)}"}
{"time":"2026-06-22T10:52:11.43046+04:00","level":"INFO","msg":"could not connect to phone","module":"go-ios/forward","deviceID":84,"conn":"&net.TCPConn{conn:net.conn{fd:(*net.netFD)(0x4f7b385bd000)}}","error":"Failed connecting to service, error code:3","phonePort":8100}
{"time":"2026-06-22T10:52:11.431943+04:00","level":"INFO","msg":"new client connected","module":"go-ios/forward","deviceID":84,"phonePort":8100,"conn":"&forward.ConnListener{listener:(*net.TCPListener)(0x4f7b3846f0c0), quit:(chan interface {})(0x4f7b38aac3f0)}"}
{"time":"2026-06-22T10:52:11.432681+04:00","level":"INFO","msg":"could not connect to phone","module":"go-ios/forward","deviceID":84,"conn":"&net.TCPConn{conn:net.conn{fd:(*net.netFD)(0x4f7b385bd300)}}","error":"Failed connecting to service, error code:3","phonePort":8100}
{"time":"2026-06-22T10:52:12.106804+04:00","level":"INFO","msg":"new client connected","module":"go-ios/forward","deviceID":84,"phonePort":8100,"conn":"&forward.ConnListener{listener:(*net.TCPListener)(0x4f7b3846f0c0), quit:(chan interface {})(0x4f7b38aac3f0)}"}
{"time":"2026-06-22T10:52:12.108047+04:00","level":"INFO","msg":"could not connect to phone","module":"go-ios/forward","deviceID":84,"conn":"&net.TCPConn{conn:net.conn{fd:(*net.netFD)(0x4f7b385bd600)}}","error":"Failed connecting to service, error code:3","phonePort":8100}
{"time":"2026-06-22T10:52:12.109972+04:00","level":"INFO","msg":"new client connected","module":"go-ios/forward","deviceID":84,"phonePort":8100,"conn":"&forward.ConnListener{listener:(*net.TCPListener)(0x4f7b3846f0c0), quit:(chan interface {})(0x4f7b38aac3f0)}"}
{"time":"2026-06-22T10:52:12.110819+04:00","level":"INFO","msg":"could not connect to phone","module":"go-ios/forward","deviceID":84,"conn":"&net.TCPConn{conn:net.conn{fd:(*net.netFD)(0x4f7b385bd900)}}","error":"Failed connecting to service, error code:3","phonePort":8100}
{"time":"2026-06-22T10:52:12.934035+04:00","level":"INFO","msg":"new client connected","module":"go-ios/forward","deviceID":84,"phonePort":8100,"conn":"&forward.ConnListener{listener:(*net.TCPListener)(0x4f7b3846f0c0), quit:(chan interface {})(0x4f7b38aac3f0)}"}
{"time":"2026-06-22T10:52:12.93536+04:00","level":"INFO","msg":"could not connect to phone","module":"go-ios/forward","deviceID":84,"conn":"&net.TCPConn{conn:net.conn{fd:(*net.netFD)(0x4f7b3871cd80)}}","error":"Failed connecting to service, error code:3","phonePort":8100}
{"time":"2026-06-22T10:52:12.93685+04:00","level":"INFO","msg":"new client connected","module":"go-ios/forward","deviceID":84,"phonePort":8100,"conn":"&forward.ConnListener{listener:(*net.TCPListener)(0x4f7b3846f0c0), quit:(chan interface {})(0x4f7b38aac3f0)}"}
{"time":"2026-06-22T10:52:12.937799+04:00","level":"INFO","msg":"could not connect to phone","module":"go-ios/forward","deviceID":84,"conn":"&net.TCPConn{conn:net.conn{fd:(*net.netFD)(0x4f7b3871d080)}}","error":"Failed connecting to service, error code:3","phonePort":8100}
{"time":"2026-06-22T10:52:13.611974+04:00","level":"INFO","msg":"new client connected","module":"go-ios/forward","deviceID":84,"phonePort":8100,"conn":"&forward.ConnListener{listener:(*net.TCPListener)(0x4f7b3846f0c0), quit:(chan interface {})(0x4f7b38aac3f0)}"}
{"time":"2026-06-22T10:52:13.613241+04:00","level":"INFO","msg":"could not connect to phone","module":"go-ios/forward","deviceID":84,"conn":"&net.TCPConn{conn:net.conn{fd:(*net.netFD)(0x4f7b3871d380)}}","error":"Failed connecting to service, error code:3","phonePort":8100}
{"time":"2026-06-22T10:52:13.613989+04:00","level":"INFO","msg":"new client connected","module":"go-ios/forward","deviceID":84,"phonePort":8100,"conn":"&forward.ConnListener{listener:(*net.TCPListener)(0x4f7b3846f0c0), quit:(chan interface {})(0x4f7b38aac3f0)}"}
{"time":"2026-06-22T10:52:13.614625+04:00","level":"INFO","msg":"could not connect to phone","module":"go-ios/forward","deviceID":84,"conn":"&net.TCPConn{conn:net.conn{fd:(*net.netFD)(0x4f7b3871d680)}}","error":"Failed connecting to service, error code:3","phonePort":8100}
{"time":"2026-06-22T10:52:14.438724+04:00","level":"INFO","msg":"new client connected","module":"go-ios/forward","deviceID":84,"phonePort":8100,"conn":"&forward.ConnListener{listener:(*net.TCPListener)(0x4f7b3846f0c0), quit:(chan interface {})(0x4f7b38aac3f0)}"}
{"time":"2026-06-22T10:52:14.440006+04:00","level":"INFO","msg":"could not connect to phone","module":"go-ios/forward","deviceID":84,"conn":"&net.TCPConn{conn:net.conn{fd:(*net.netFD)(0x4f7b385bdc00)}}","error":"Failed connecting to service, error code:3","phonePort":8100}
{"time":"2026-06-22T10:52:14.440997+04:00","level":"INFO","msg":"new client connected","module":"go-ios/forward","deviceID":84,"phonePort":8100,"conn":"&forward.ConnListener{listener:(*net.TCPListener)(0x4f7b3846f0c0), quit:(chan interface {})(0x4f7b38aac3f0)}"}
{"time":"2026-06-22T10:52:14.441649+04:00","level":"INFO","msg":"could not connect to phone","module":"go-ios/forward","deviceID":84,"conn":"&net.TCPConn{conn:net.conn{fd:(*net.netFD)(0x4f7b3871d980)}}","error":"Failed connecting to service, error code:3","phonePort":8100}
{"time":"2026-06-22T10:52:15.115877+04:00","level":"INFO","msg":"new client connected","module":"go-ios/forward","deviceID":84,"phonePort":8100,"conn":"&forward.ConnListener{listener:(*net.TCPListener)(0x4f7b3846f0c0), quit:(chan interface {})(0x4f7b38aac3f0)}"}
{"time":"2026-06-22T10:52:15.117143+04:00","level":"INFO","msg":"could not connect to phone","module":"go-ios/forward","deviceID":84,"conn":"&net.TCPConn{conn:net.conn{fd:(*net.netFD)(0x4f7b3871dc80)}}","error":"Failed connecting to service, error code:3","phonePort":8100}
{"time":"2026-06-22T10:52:15.117869+04:00","level":"INFO","msg":"new client connected","module":"go-ios/forward","deviceID":84,"phonePort":8100,"conn":"&forward.ConnListener{listener:(*net.TCPListener)(0x4f7b3846f0c0), quit:(chan interface {})(0x4f7b38aac3f0)}"}
{"time":"2026-06-22T10:52:15.118564+04:00","level":"INFO","msg":"could not connect to phone","module":"go-ios/forward","deviceID":84,"conn":"&net.TCPConn{conn:net.conn{fd:(*net.netFD)(0x4f7b3874e080)}}","error":"Failed connecting to service, error code:3","phonePort":8100}
{"time":"2026-06-22T10:52:15.942065+04:00","level":"INFO","msg":"new client connected","module":"go-ios/forward","deviceID":84,"phonePort":8100,"conn":"&forward.ConnListener{listener:(*net.TCPListener)(0x4f7b3846f0c0), quit:(chan interface {})(0x4f7b38aac3f0)}"}
{"time":"2026-06-22T10:52:15.943173+04:00","level":"INFO","msg":"could not connect to phone","module":"go-ios/forward","deviceID":84,"conn":"&net.TCPConn{conn:net.conn{fd:(*net.netFD)(0x4f7b385de000)}}","error":"Failed connecting to service, error code:3","phonePort":8100}
{"time":"2026-06-22T10:52:15.943879+04:00","level":"INFO","msg":"new client connected","module":"go-ios/forward","deviceID":84,"phonePort":8100,"conn":"&forward.ConnListener{listener:(*net.TCPListener)(0x4f7b3846f0c0), quit:(chan interface {})(0x4f7b38aac3f0)}"}
{"time":"2026-06-22T10:52:15.944988+04:00","level":"INFO","msg":"could not connect to phone","module":"go-ios/forward","deviceID":84,"conn":"&net.TCPConn{conn:net.conn{fd:(*net.netFD)(0x4f7b385de300)}}","error":"Failed connecting to service, error code:3","phonePort":8100}
{"time":"2026-06-22T10:52:16.61999+04:00","level":"INFO","msg":"new client connected","module":"go-ios/forward","deviceID":84,"phonePort":8100,"conn":"&forward.ConnListener{listener:(*net.TCPListener)(0x4f7b3846f0c0), quit:(chan interface {})(0x4f7b38aac3f0)}"}
{"time":"2026-06-22T10:52:16.620959+04:00","level":"INFO","msg":"could not connect to phone","module":"go-ios/forward","deviceID":84,"conn":"&net.TCPConn{conn:net.conn{fd:(*net.netFD)(0x4f7b3874e380)}}","error":"Failed connecting to service, error code:3","phonePort":8100}
{"time":"2026-06-22T10:52:16.621653+04:00","level":"INFO","msg":"new client connected","module":"go-ios/forward","deviceID":84,"phonePort":8100,"conn":"&forward.ConnListener{listener:(*net.TCPListener)(0x4f7b3846f0c0), quit:(chan interface {})(0x4f7b38aac3f0)}"}
{"time":"2026-06-22T10:52:16.62225+04:00","level":"INFO","msg":"could not connect to phone","module":"go-ios/forward","deviceID":84,"conn":"&net.TCPConn{conn:net.conn{fd:(*net.netFD)(0x4f7b3874e680)}}","error":"Failed connecting to service, error code:3","phonePort":8100}
{"time":"2026-06-22T10:52:17.447499+04:00","level":"INFO","msg":"new client connected","module":"go-ios/forward","deviceID":84,"phonePort":8100,"conn":"&forward.ConnListener{listener:(*net.TCPListener)(0x4f7b3846f0c0), quit:(chan interface {})(0x4f7b38aac3f0)}"}
{"time":"2026-06-22T10:52:17.448521+04:00","level":"INFO","msg":"could not connect to phone","module":"go-ios/forward","deviceID":84,"conn":"&net.TCPConn{conn:net.conn{fd:(*net.netFD)(0x4f7b3874e980)}}","error":"Failed connecting to service, error code:3","phonePort":8100}
{"time":"2026-06-22T10:52:17.449382+04:00","level":"INFO","msg":"new client connected","module":"go-ios/forward","deviceID":84,"phonePort":8100,"conn":"&forward.ConnListener{listener:(*net.TCPListener)(0x4f7b3846f0c0), quit:(chan interface {})(0x4f7b38aac3f0)}"}
{"time":"2026-06-22T10:52:17.449997+04:00","level":"INFO","msg":"could not connect to phone","module":"go-ios/forward","deviceID":84,"conn":"&net.TCPConn{conn:net.conn{fd:(*net.netFD)(0x4f7b3874ec80)}}","error":"Failed connecting to service, error code:3","phonePort":8100}
{"time":"2026-06-22T10:52:18.124279+04:00","level":"INFO","msg":"new client connected","module":"go-ios/forward","deviceID":84,"phonePort":8100,"conn":"&forward.ConnListener{listener:(*net.TCPListener)(0x4f7b3846f0c0), quit:(chan interface {})(0x4f7b38aac3f0)}"}
{"time":"2026-06-22T10:52:18.125693+04:00","level":"INFO","msg":"could not connect to phone","module":"go-ios/forward","deviceID":84,"conn":"&net.TCPConn{conn:net.conn{fd:(*net.netFD)(0x4f7b3874ef80)}}","error":"Failed connecting to service, error code:3","phonePort":8100}
{"time":"2026-06-22T10:52:18.127316+04:00","level":"INFO","msg":"new client connected","module":"go-ios/forward","deviceID":84,"phonePort":8100,"conn":"&forward.ConnListener{listener:(*net.TCPListener)(0x4f7b3846f0c0), quit:(chan interface {})(0x4f7b38aac3f0)}"}
{"time":"2026-06-22T10:52:18.128298+04:00","level":"INFO","msg":"could not connect to phone","module":"go-ios/forward","deviceID":84,"conn":"&net.TCPConn{conn:net.conn{fd:(*net.netFD)(0x4f7b3874f280)}}","error":"Failed connecting to service, error code:3","phonePort":8100}
{"time":"2026-06-22T10:52:18.950684+04:00","level":"INFO","msg":"new client connected","module":"go-ios/forward","deviceID":84,"phonePort":8100,"conn":"&forward.ConnListener{listener:(*net.TCPListener)(0x4f7b3846f0c0), quit:(chan interface {})(0x4f7b38aac3f0)}"}
{"time":"2026-06-22T10:52:18.951766+04:00","level":"INFO","msg":"could not connect to phone","module":"go-ios/forward","deviceID":84,"conn":"&net.TCPConn{conn:net.conn{fd:(*net.netFD)(0x4f7b3874f580)}}","error":"Failed connecting to service, error code:3","phonePort":8100}
{"time":"2026-06-22T10:52:18.952959+04:00","level":"INFO","msg":"new client connected","module":"go-ios/forward","deviceID":84,"phonePort":8100,"conn":"&forward.ConnListener{listener:(*net.TCPListener)(0x4f7b3846f0c0), quit:(chan interface {})(0x4f7b38aac3f0)}"}
{"time":"2026-06-22T10:52:18.953779+04:00","level":"INFO","msg":"could not connect to phone","module":"go-ios/forward","deviceID":84,"conn":"&net.TCPConn{conn:net.conn{fd:(*net.netFD)(0x4f7b3874f880)}}","error":"Failed connecting to service, error code:3","phonePort":8100}
{"time":"2026-06-22T10:52:19.63131+04:00","level":"INFO","msg":"new client connected","module":"go-ios/forward","deviceID":84,"phonePort":8100,"conn":"&forward.ConnListener{listener:(*net.TCPListener)(0x4f7b3846f0c0), quit:(chan interface {})(0x4f7b38aac3f0)}"}
{"time":"2026-06-22T10:52:19.632804+04:00","level":"INFO","msg":"could not connect to phone","module":"go-ios/forward","deviceID":84,"conn":"&net.TCPConn{conn:net.conn{fd:(*net.netFD)(0x4f7b3874fb80)}}","error":"Failed connecting to service, error code:3","phonePort":8100}
{"time":"2026-06-22T10:52:19.633731+04:00","level":"INFO","msg":"new client connected","module":"go-ios/forward","deviceID":84,"phonePort":8100,"conn":"&forward.ConnListener{listener:(*net.TCPListener)(0x4f7b3846f0c0), quit:(chan interface {})(0x4f7b38aac3f0)}"}
{"time":"2026-06-22T10:52:19.634705+04:00","level":"INFO","msg":"could not connect to phone","module":"go-ios/forward","deviceID":84,"conn":"&net.TCPConn{conn:net.conn{fd:(*net.netFD)(0x4f7b385de600)}}","error":"Failed connecting to service, error code:3","phonePort":8100}
{"time":"2026-06-22T10:52:20.456525+04:00","level":"INFO","msg":"new client connected","module":"go-ios/forward","deviceID":84,"phonePort":8100,"conn":"&forward.ConnListener{listener:(*net.TCPListener)(0x4f7b3846f0c0), quit:(chan interface {})(0x4f7b38aac3f0)}"}
{"time":"2026-06-22T10:52:20.45794+04:00","level":"INFO","msg":"could not connect to phone","module":"go-ios/forward","deviceID":84,"conn":"&net.TCPConn{conn:net.conn{fd:(*net.netFD)(0x4f7b385de900)}}","error":"Failed connecting to service, error code:3","phonePort":8100}
{"time":"2026-06-22T10:52:20.459299+04:00","level":"INFO","msg":"new client connected","module":"go-ios/forward","deviceID":84,"phonePort":8100,"conn":"&forward.ConnListener{listener:(*net.TCPListener)(0x4f7b3846f0c0), quit:(chan interface {})(0x4f7b38aac3f0)}"}
{"time":"2026-06-22T10:52:20.460339+04:00","level":"INFO","msg":"could not connect to phone","module":"go-ios/forward","deviceID":84,"conn":"&net.TCPConn{conn:net.conn{fd:(*net.netFD)(0x4f7b385dec00)}}","error":"Failed connecting to service, error code:3","phonePort":8100}
{"time":"2026-06-22T10:52:21.134883+04:00","level":"INFO","msg":"new client connected","module":"go-ios/forward","deviceID":84,"phonePort":8100,"conn":"&forward.ConnListener{listener:(*net.TCPListener)(0x4f7b3846f0c0), quit:(chan interface {})(0x4f7b38aac3f0)}"}
{"time":"2026-06-22T10:52:21.136041+04:00","level":"INFO","msg":"could not connect to phone","module":"go-ios/forward","deviceID":84,"conn":"&net.TCPConn{conn:net.conn{fd:(*net.netFD)(0x4f7b385def00)}}","error":"Failed connecting to service, error code:3","phonePort":8100}
{"time":"2026-06-22T10:52:21.136856+04:00","level":"INFO","msg":"new client connected","module":"go-ios/forward","deviceID":84,"phonePort":8100,"conn":"&forward.ConnListener{listener:(*net.TCPListener)(0x4f7b3846f0c0), quit:(chan interface {})(0x4f7b38aac3f0)}"}
{"time":"2026-06-22T10:52:21.137889+04:00","level":"INFO","msg":"could not connect to phone","module":"go-ios/forward","deviceID":84,"conn":"&net.TCPConn{conn:net.conn{fd:(*net.netFD)(0x4f7b385df200)}}","error":"Failed connecting to service, error code:3","phonePort":8100}
{"time":"2026-06-22T10:52:21.962626+04:00","level":"INFO","msg":"new client connected","module":"go-ios/forward","deviceID":84,"phonePort":8100,"conn":"&forward.ConnListener{listener:(*net.TCPListener)(0x4f7b3846f0c0), quit:(chan interface {})(0x4f7b38aac3f0)}"}
{"time":"2026-06-22T10:52:21.963835+04:00","level":"INFO","msg":"could not connect to phone","module":"go-ios/forward","deviceID":84,"conn":"&net.TCPConn{conn:net.conn{fd:(*net.netFD)(0x4f7b3874fe80)}}","error":"Failed connecting to service, error code:3","phonePort":8100}
{"time":"2026-06-22T10:52:21.964856+04:00","level":"INFO","msg":"new client connected","module":"go-ios/forward","deviceID":84,"phonePort":8100,"conn":"&forward.ConnListener{listener:(*net.TCPListener)(0x4f7b3846f0c0), quit:(chan interface {})(0x4f7b38aac3f0)}"}
{"time":"2026-06-22T10:52:21.965752+04:00","level":"INFO","msg":"could not connect to phone","module":"go-ios/forward","deviceID":84,"conn":"&net.TCPConn{conn:net.conn{fd:(*net.netFD)(0x4f7b385df500)}}","error":"Failed connecting to service, error code:3","phonePort":8100}
{"time":"2026-06-22T10:52:22.641702+04:00","level":"INFO","msg":"new client connected","module":"go-ios/forward","deviceID":84,"phonePort":8100,"conn":"&forward.ConnListener{listener:(*net.TCPListener)(0x4f7b3846f0c0), quit:(chan interface {})(0x4f7b38aac3f0)}"}
{"time":"2026-06-22T10:52:22.642819+04:00","level":"INFO","msg":"could not connect to phone","module":"go-ios/forward","deviceID":84,"conn":"&net.TCPConn{conn:net.conn{fd:(*net.netFD)(0x4f7b385df800)}}","error":"Failed connecting to service, error code:3","phonePort":8100}
{"time":"2026-06-22T10:52:22.643342+04:00","level":"INFO","msg":"new client connected","module":"go-ios/forward","deviceID":84,"phonePort":8100,"conn":"&forward.ConnListener{listener:(*net.TCPListener)(0x4f7b3846f0c0), quit:(chan interface {})(0x4f7b38aac3f0)}"}
{"time":"2026-06-22T10:52:22.64385+04:00","level":"INFO","msg":"could not connect to phone","module":"go-ios/forward","deviceID":84,"conn":"&net.TCPConn{conn:net.conn{fd:(*net.netFD)(0x4f7b385dfb00)}}","error":"Failed connecting to service, error code:3","phonePort":8100}
{"time":"2026-06-22T10:52:23.47832+04:00","level":"INFO","msg":"new client connected","module":"go-ios/forward","deviceID":84,"phonePort":8100,"conn":"&forward.ConnListener{listener:(*net.TCPListener)(0x4f7b3846f0c0), quit:(chan interface {})(0x4f7b38aac3f0)}"}
{"time":"2026-06-22T10:52:23.481631+04:00","level":"INFO","msg":"could not connect to phone","module":"go-ios/forward","deviceID":84,"conn":"&net.TCPConn{conn:net.conn{fd:(*net.netFD)(0x4f7b38776280)}}","error":"Failed connecting to service, error code:3","phonePort":8100}
{"time":"2026-06-22T10:52:23.484349+04:00","level":"INFO","msg":"new client connected","module":"go-ios/forward","deviceID":84,"phonePort":8100,"conn":"&forward.ConnListener{listener:(*net.TCPListener)(0x4f7b3846f0c0), quit:(chan interface {})(0x4f7b38aac3f0)}"}
{"time":"2026-06-22T10:52:23.485593+04:00","level":"INFO","msg":"could not connect to phone","module":"go-ios/forward","deviceID":84,"conn":"&net.TCPConn{conn:net.conn{fd:(*net.netFD)(0x4f7b38776580)}}","error":"Failed connecting to service, error code:3","phonePort":8100}
{"time":"2026-06-22T10:52:24.155434+04:00","level":"INFO","msg":"new client connected","module":"go-ios/forward","deviceID":84,"phonePort":8100,"conn":"&forward.ConnListener{listener:(*net.TCPListener)(0x4f7b3846f0c0), quit:(chan interface {})(0x4f7b38aac3f0)}"}
{"time":"2026-06-22T10:52:24.157736+04:00","level":"INFO","msg":"could not connect to phone","module":"go-ios/forward","deviceID":84,"conn":"&net.TCPConn{conn:net.conn{fd:(*net.netFD)(0x4f7b385dfe00)}}","error":"Failed connecting to service, error code:3","phonePort":8100}
{"time":"2026-06-22T10:52:24.158976+04:00","level":"INFO","msg":"new client connected","module":"go-ios/forward","deviceID":84,"phonePort":8100,"conn":"&forward.ConnListener{listener:(*net.TCPListener)(0x4f7b3846f0c0), quit:(chan interface {})(0x4f7b38aac3f0)}"}
{"time":"2026-06-22T10:52:24.160072+04:00","level":"INFO","msg":"could not connect to phone","module":"go-ios/forward","deviceID":84,"conn":"&net.TCPConn{conn:net.conn{fd:(*net.netFD)(0x4f7b385f8200)}}","error":"Failed connecting to service, error code:3","phonePort":8100}
{"time":"2026-06-22T10:52:24.997656+04:00","level":"INFO","msg":"new client connected","module":"go-ios/forward","deviceID":84,"phonePort":8100,"conn":"&forward.ConnListener{listener:(*net.TCPListener)(0x4f7b3846f0c0), quit:(chan interface {})(0x4f7b38aac3f0)}"}
{"time":"2026-06-22T10:52:25.000149+04:00","level":"INFO","msg":"could not connect to phone","module":"go-ios/forward","deviceID":84,"conn":"&net.TCPConn{conn:net.conn{fd:(*net.netFD)(0x4f7b38776880)}}","error":"Failed connecting to service, error code:3","phonePort":8100}
{"time":"2026-06-22T10:52:25.003587+04:00","level":"INFO","msg":"new client connected","module":"go-ios/forward","deviceID":84,"phonePort":8100,"conn":"&forward.ConnListener{listener:(*net.TCPListener)(0x4f7b3846f0c0), quit:(chan interface {})(0x4f7b38aac3f0)}"}
{"time":"2026-06-22T10:52:25.005186+04:00","level":"INFO","msg":"could not connect to phone","module":"go-ios/forward","deviceID":84,"conn":"&net.TCPConn{conn:net.conn{fd:(*net.netFD)(0x4f7b38776b80)}}","error":"Failed connecting to service, error code:3","phonePort":8100}
{"time":"2026-06-22T10:52:25.666861+04:00","level":"INFO","msg":"new client connected","module":"go-ios/forward","deviceID":84,"phonePort":8100,"conn":"&forward.ConnListener{listener:(*net.TCPListener)(0x4f7b3846f0c0), quit:(chan interface {})(0x4f7b38aac3f0)}"}
{"time":"2026-06-22T10:52:25.669285+04:00","level":"INFO","msg":"could not connect to phone","module":"go-ios/forward","deviceID":84,"conn":"&net.TCPConn{conn:net.conn{fd:(*net.netFD)(0x4f7b385f8500)}}","error":"Failed connecting to service, error code:3","phonePort":8100}
{"time":"2026-06-22T10:52:25.671834+04:00","level":"INFO","msg":"new client connected","module":"go-ios/forward","deviceID":84,"phonePort":8100,"conn":"&forward.ConnListener{listener:(*net.TCPListener)(0x4f7b3846f0c0), quit:(chan interface {})(0x4f7b38aac3f0)}"}
{"time":"2026-06-22T10:52:25.673404+04:00","level":"INFO","msg":"could not connect to phone","module":"go-ios/forward","deviceID":84,"conn":"&net.TCPConn{conn:net.conn{fd:(*net.netFD)(0x4f7b385f8800)}}","error":"Failed connecting to service, error code:3","phonePort":8100}
{"time":"2026-06-22T10:52:26.512448+04:00","level":"INFO","msg":"new client connected","module":"go-ios/forward","deviceID":84,"phonePort":8100,"conn":"&forward.ConnListener{listener:(*net.TCPListener)(0x4f7b3846f0c0), quit:(chan interface {})(0x4f7b38aac3f0)}"}
{"time":"2026-06-22T10:52:26.513939+04:00","level":"INFO","msg":"could not connect to phone","module":"go-ios/forward","deviceID":84,"conn":"&net.TCPConn{conn:net.conn{fd:(*net.netFD)(0x4f7b38776e80)}}","error":"Failed connecting to service, error code:3","phonePort":8100}
{"time":"2026-06-22T10:52:26.514964+04:00","level":"INFO","msg":"new client connected","module":"go-ios/forward","deviceID":84,"phonePort":8100,"conn":"&forward.ConnListener{listener:(*net.TCPListener)(0x4f7b3846f0c0), quit:(chan interface {})(0x4f7b38aac3f0)}"}
{"time":"2026-06-22T10:52:26.515888+04:00","level":"INFO","msg":"could not connect to phone","module":"go-ios/forward","deviceID":84,"conn":"&net.TCPConn{conn:net.conn{fd:(*net.netFD)(0x4f7b38777180)}}","error":"Failed connecting to service, error code:3","phonePort":8100}
{"time":"2026-06-22T10:52:27.17596+04:00","level":"INFO","msg":"new client connected","module":"go-ios/forward","deviceID":84,"phonePort":8100,"conn":"&forward.ConnListener{listener:(*net.TCPListener)(0x4f7b3846f0c0), quit:(chan interface {})(0x4f7b38aac3f0)}"}
{"time":"2026-06-22T10:52:27.177255+04:00","level":"INFO","msg":"could not connect to phone","module":"go-ios/forward","deviceID":84,"conn":"&net.TCPConn{conn:net.conn{fd:(*net.netFD)(0x4f7b385f8b00)}}","error":"Failed connecting to service, error code:3","phonePort":8100}
{"time":"2026-06-22T10:52:27.177958+04:00","level":"INFO","msg":"new client connected","module":"go-ios/forward","deviceID":84,"phonePort":8100,"conn":"&forward.ConnListener{listener:(*net.TCPListener)(0x4f7b3846f0c0), quit:(chan interface {})(0x4f7b38aac3f0)}"}
{"time":"2026-06-22T10:52:27.179018+04:00","level":"INFO","msg":"could not connect to phone","module":"go-ios/forward","deviceID":84,"conn":"&net.TCPConn{conn:net.conn{fd:(*net.netFD)(0x4f7b385f8e00)}}","error":"Failed connecting to service, error code:3","phonePort":8100}
{"time":"2026-06-22T10:52:28.01716+04:00","level":"INFO","msg":"new client connected","module":"go-ios/forward","deviceID":84,"phonePort":8100,"conn":"&forward.ConnListener{listener:(*net.TCPListener)(0x4f7b3846f0c0), quit:(chan interface {})(0x4f7b38aac3f0)}"}
{"time":"2026-06-22T10:52:28.018278+04:00","level":"INFO","msg":"could not connect to phone","module":"go-ios/forward","deviceID":84,"conn":"&net.TCPConn{conn:net.conn{fd:(*net.netFD)(0x4f7b38777480)}}","error":"Failed connecting to service, error code:3","phonePort":8100}
{"time":"2026-06-22T10:52:28.01899+04:00","level":"INFO","msg":"new client connected","module":"go-ios/forward","deviceID":84,"phonePort":8100,"conn":"&forward.ConnListener{listener:(*net.TCPListener)(0x4f7b3846f0c0), quit:(chan interface {})(0x4f7b38aac3f0)}"}
{"time":"2026-06-22T10:52:28.019909+04:00","level":"INFO","msg":"could not connect to phone","module":"go-ios/forward","deviceID":84,"conn":"&net.TCPConn{conn:net.conn{fd:(*net.netFD)(0x4f7b38777780)}}","error":"Failed connecting to service, error code:3","phonePort":8100}
{"time":"2026-06-22T10:52:28.685418+04:00","level":"INFO","msg":"new client connected","module":"go-ios/forward","deviceID":84,"phonePort":8100,"conn":"&forward.ConnListener{listener:(*net.TCPListener)(0x4f7b3846f0c0), quit:(chan interface {})(0x4f7b38aac3f0)}"}
{"time":"2026-06-22T10:52:28.686852+04:00","level":"INFO","msg":"could not connect to phone","module":"go-ios/forward","deviceID":84,"conn":"&net.TCPConn{conn:net.conn{fd:(*net.netFD)(0x4f7b38777a80)}}","error":"Failed connecting to service, error code:3","phonePort":8100}
{"time":"2026-06-22T10:52:28.687772+04:00","level":"INFO","msg":"new client connected","module":"go-ios/forward","deviceID":84,"phonePort":8100,"conn":"&forward.ConnListener{listener:(*net.TCPListener)(0x4f7b3846f0c0), quit:(chan interface {})(0x4f7b38aac3f0)}"}
{"time":"2026-06-22T10:52:28.688741+04:00","level":"INFO","msg":"could not connect to phone","module":"go-ios/forward","deviceID":84,"conn":"&net.TCPConn{conn:net.conn{fd:(*net.netFD)(0x4f7b38777d80)}}","error":"Failed connecting to service, error code:3","phonePort":8100}
{"time":"2026-06-22T10:52:29.52271+04:00","level":"INFO","msg":"new client connected","module":"go-ios/forward","deviceID":84,"phonePort":8100,"conn":"&forward.ConnListener{listener:(*net.TCPListener)(0x4f7b3846f0c0), quit:(chan interface {})(0x4f7b38aac3f0)}"}
{"time":"2026-06-22T10:52:29.524095+04:00","level":"INFO","msg":"could not connect to phone","module":"go-ios/forward","deviceID":84,"conn":"&net.TCPConn{conn:net.conn{fd:(*net.netFD)(0x4f7b3879a180)}}","error":"Failed connecting to service, error code:3","phonePort":8100}
{"time":"2026-06-22T10:52:29.525216+04:00","level":"INFO","msg":"new client connected","module":"go-ios/forward","deviceID":84,"phonePort":8100,"conn":"&forward.ConnListener{listener:(*net.TCPListener)(0x4f7b3846f0c0), quit:(chan interface {})(0x4f7b38aac3f0)}"}
{"time":"2026-06-22T10:52:29.526026+04:00","level":"INFO","msg":"could not connect to phone","module":"go-ios/forward","deviceID":84,"conn":"&net.TCPConn{conn:net.conn{fd:(*net.netFD)(0x4f7b3879a480)}}","error":"Failed connecting to service, error code:3","phonePort":8100}
{"time":"2026-06-22T10:52:30.192935+04:00","level":"INFO","msg":"new client connected","module":"go-ios/forward","deviceID":84,"phonePort":8100,"conn":"&forward.ConnListener{listener:(*net.TCPListener)(0x4f7b3846f0c0), quit:(chan interface {})(0x4f7b38aac3f0)}"}
{"time":"2026-06-22T10:52:30.194479+04:00","level":"INFO","msg":"could not connect to phone","module":"go-ios/forward","deviceID":84,"conn":"&net.TCPConn{conn:net.conn{fd:(*net.netFD)(0x4f7b3879a780)}}","error":"Failed connecting to service, error code:3","phonePort":8100}
{"time":"2026-06-22T10:52:30.19572+04:00","level":"INFO","msg":"new client connected","module":"go-ios/forward","deviceID":84,"phonePort":8100,"conn":"&forward.ConnListener{listener:(*net.TCPListener)(0x4f7b3846f0c0), quit:(chan interface {})(0x4f7b38aac3f0)}"}
{"time":"2026-06-22T10:52:30.196867+04:00","level":"INFO","msg":"could not connect to phone","module":"go-ios/forward","deviceID":84,"conn":"&net.TCPConn{conn:net.conn{fd:(*net.netFD)(0x4f7b3879aa80)}}","error":"Failed connecting to service, error code:3","phonePort":8100}
{"time":"2026-06-22T10:52:31.02747+04:00","level":"INFO","msg":"new client connected","module":"go-ios/forward","deviceID":84,"phonePort":8100,"conn":"&forward.ConnListener{listener:(*net.TCPListener)(0x4f7b3846f0c0), quit:(chan interface {})(0x4f7b38aac3f0)}"}
{"time":"2026-06-22T10:52:31.028741+04:00","level":"INFO","msg":"could not connect to phone","module":"go-ios/forward","deviceID":84,"conn":"&net.TCPConn{conn:net.conn{fd:(*net.netFD)(0x4f7b385f9100)}}","error":"Failed connecting to service, error code:3","phonePort":8100}
{"time":"2026-06-22T10:52:31.029601+04:00","level":"INFO","msg":"new client connected","module":"go-ios/forward","deviceID":84,"phonePort":8100,"conn":"&forward.ConnListener{listener:(*net.TCPListener)(0x4f7b3846f0c0), quit:(chan interface {})(0x4f7b38aac3f0)}"}
{"time":"2026-06-22T10:52:31.030356+04:00","level":"INFO","msg":"could not connect to phone","module":"go-ios/forward","deviceID":84,"conn":"&net.TCPConn{conn:net.conn{fd:(*net.netFD)(0x4f7b385f9400)}}","error":"Failed connecting to service, error code:3","phonePort":8100}
{"time":"2026-06-22T10:52:31.699134+04:00","level":"INFO","msg":"new client connected","module":"go-ios/forward","deviceID":84,"phonePort":8100,"conn":"&forward.ConnListener{listener:(*net.TCPListener)(0x4f7b3846f0c0), quit:(chan interface {})(0x4f7b38aac3f0)}"}
{"time":"2026-06-22T10:52:31.700196+04:00","level":"INFO","msg":"could not connect to phone","module":"go-ios/forward","deviceID":84,"conn":"&net.TCPConn{conn:net.conn{fd:(*net.netFD)(0x4f7b385f9700)}}","error":"Failed connecting to service, error code:3","phonePort":8100}
{"time":"2026-06-22T10:52:31.701091+04:00","level":"INFO","msg":"new client connected","module":"go-ios/forward","deviceID":84,"phonePort":8100,"conn":"&forward.ConnListener{listener:(*net.TCPListener)(0x4f7b3846f0c0), quit:(chan interface {})(0x4f7b38aac3f0)}"}
{"time":"2026-06-22T10:52:31.701939+04:00","level":"INFO","msg":"could not connect to phone","module":"go-ios/forward","deviceID":84,"conn":"&net.TCPConn{conn:net.conn{fd:(*net.netFD)(0x4f7b385f9a00)}}","error":"Failed connecting to service, error code:3","phonePort":8100}
{"time":"2026-06-22T10:52:32.532103+04:00","level":"INFO","msg":"new client connected","module":"go-ios/forward","deviceID":84,"phonePort":8100,"conn":"&forward.ConnListener{listener:(*net.TCPListener)(0x4f7b3846f0c0), quit:(chan interface {})(0x4f7b38aac3f0)}"}
{"time":"2026-06-22T10:52:32.533627+04:00","level":"INFO","msg":"could not connect to phone","module":"go-ios/forward","deviceID":84,"conn":"&net.TCPConn{conn:net.conn{fd:(*net.netFD)(0x4f7b385f9d00)}}","error":"Failed connecting to service, error code:3","phonePort":8100}
{"time":"2026-06-22T10:52:32.534429+04:00","level":"INFO","msg":"new client connected","module":"go-ios/forward","deviceID":84,"phonePort":8100,"conn":"&forward.ConnListener{listener:(*net.TCPListener)(0x4f7b3846f0c0), quit:(chan interface {})(0x4f7b38aac3f0)}"}
{"time":"2026-06-22T10:52:32.53575+04:00","level":"INFO","msg":"could not connect to phone","module":"go-ios/forward","deviceID":84,"conn":"&net.TCPConn{conn:net.conn{fd:(*net.netFD)(0x4f7b3881a100)}}","error":"Failed connecting to service, error code:3","phonePort":8100}
{"time":"2026-06-22T10:52:33.204205+04:00","level":"INFO","msg":"new client connected","module":"go-ios/forward","deviceID":84,"phonePort":8100,"conn":"&forward.ConnListener{listener:(*net.TCPListener)(0x4f7b3846f0c0), quit:(chan interface {})(0x4f7b38aac3f0)}"}
{"time":"2026-06-22T10:52:33.205466+04:00","level":"INFO","msg":"could not connect to phone","module":"go-ios/forward","deviceID":84,"conn":"&net.TCPConn{conn:net.conn{fd:(*net.netFD)(0x4f7b3881a400)}}","error":"Failed connecting to service, error code:3","phonePort":8100}
{"time":"2026-06-22T10:52:33.206191+04:00","level":"INFO","msg":"new client connected","module":"go-ios/forward","deviceID":84,"phonePort":8100,"conn":"&forward.ConnListener{listener:(*net.TCPListener)(0x4f7b3846f0c0), quit:(chan interface {})(0x4f7b38aac3f0)}"}
{"time":"2026-06-22T10:52:33.206926+04:00","level":"INFO","msg":"could not connect to phone","module":"go-ios/forward","deviceID":84,"conn":"&net.TCPConn{conn:net.conn{fd:(*net.netFD)(0x4f7b3879ad80)}}","error":"Failed connecting to service, error code:3","phonePort":8100}
{"time":"2026-06-22T10:52:34.038147+04:00","level":"INFO","msg":"new client connected","module":"go-ios/forward","deviceID":84,"phonePort":8100,"conn":"&forward.ConnListener{listener:(*net.TCPListener)(0x4f7b3846f0c0), quit:(chan interface {})(0x4f7b38aac3f0)}"}
{"time":"2026-06-22T10:52:34.039187+04:00","level":"INFO","msg":"could not connect to phone","module":"go-ios/forward","deviceID":84,"conn":"&net.TCPConn{conn:net.conn{fd:(*net.netFD)(0x4f7b3879b080)}}","error":"Failed connecting to service, error code:3","phonePort":8100}
{"time":"2026-06-22T10:52:34.040182+04:00","level":"INFO","msg":"new client connected","module":"go-ios/forward","deviceID":84,"phonePort":8100,"conn":"&forward.ConnListener{listener:(*net.TCPListener)(0x4f7b3846f0c0), quit:(chan interface {})(0x4f7b38aac3f0)}"}
{"time":"2026-06-22T10:52:34.040857+04:00","level":"INFO","msg":"could not connect to phone","module":"go-ios/forward","deviceID":84,"conn":"&net.TCPConn{conn:net.conn{fd:(*net.netFD)(0x4f7b3881a700)}}","error":"Failed connecting to service, error code:3","phonePort":8100}
{"time":"2026-06-22T10:52:34.7084+04:00","level":"INFO","msg":"new client connected","module":"go-ios/forward","deviceID":84,"phonePort":8100,"conn":"&forward.ConnListener{listener:(*net.TCPListener)(0x4f7b3846f0c0), quit:(chan interface {})(0x4f7b38aac3f0)}"}
{"time":"2026-06-22T10:52:34.709992+04:00","level":"INFO","msg":"could not connect to phone","module":"go-ios/forward","deviceID":84,"conn":"&net.TCPConn{conn:net.conn{fd:(*net.netFD)(0x4f7b3879b380)}}","error":"Failed connecting to service, error code:3","phonePort":8100}
{"time":"2026-06-22T10:52:34.710684+04:00","level":"INFO","msg":"new client connected","module":"go-ios/forward","deviceID":84,"phonePort":8100,"conn":"&forward.ConnListener{listener:(*net.TCPListener)(0x4f7b3846f0c0), quit:(chan interface {})(0x4f7b38aac3f0)}"}
{"time":"2026-06-22T10:52:34.711839+04:00","level":"INFO","msg":"could not connect to phone","module":"go-ios/forward","deviceID":84,"conn":"&net.TCPConn{conn:net.conn{fd:(*net.netFD)(0x4f7b3879b680)}}","error":"Failed connecting to service, error code:3","phonePort":8100}
{"time":"2026-06-22T10:52:35.541908+04:00","level":"INFO","msg":"new client connected","module":"go-ios/forward","deviceID":84,"phonePort":8100,"conn":"&forward.ConnListener{listener:(*net.TCPListener)(0x4f7b3846f0c0), quit:(chan interface {})(0x4f7b38aac3f0)}"}
{"time":"2026-06-22T10:52:35.543013+04:00","level":"INFO","msg":"could not connect to phone","module":"go-ios/forward","deviceID":84,"conn":"&net.TCPConn{conn:net.conn{fd:(*net.netFD)(0x4f7b3879b980)}}","error":"Failed connecting to service, error code:3","phonePort":8100}
{"time":"2026-06-22T10:52:35.54405+04:00","level":"INFO","msg":"new client connected","module":"go-ios/forward","deviceID":84,"phonePort":8100,"conn":"&forward.ConnListener{listener:(*net.TCPListener)(0x4f7b3846f0c0), quit:(chan interface {})(0x4f7b38aac3f0)}"}
{"time":"2026-06-22T10:52:35.544749+04:00","level":"INFO","msg":"could not connect to phone","module":"go-ios/forward","deviceID":84,"conn":"&net.TCPConn{conn:net.conn{fd:(*net.netFD)(0x4f7b3879bc80)}}","error":"Failed connecting to service, error code:3","phonePort":8100}
{"time":"2026-06-22T10:52:36.212888+04:00","level":"INFO","msg":"new client connected","module":"go-ios/forward","deviceID":84,"phonePort":8100,"conn":"&forward.ConnListener{listener:(*net.TCPListener)(0x4f7b3846f0c0), quit:(chan interface {})(0x4f7b38aac3f0)}"}
{"time":"2026-06-22T10:52:36.214032+04:00","level":"INFO","msg":"could not connect to phone","module":"go-ios/forward","deviceID":84,"conn":"&net.TCPConn{conn:net.conn{fd:(*net.netFD)(0x4f7b387c6080)}}","error":"Failed connecting to service, error code:3","phonePort":8100}
{"time":"2026-06-22T10:52:36.21484+04:00","level":"INFO","msg":"new client connected","module":"go-ios/forward","deviceID":84,"phonePort":8100,"conn":"&forward.ConnListener{listener:(*net.TCPListener)(0x4f7b3846f0c0), quit:(chan interface {})(0x4f7b38aac3f0)}"}
{"time":"2026-06-22T10:52:36.215662+04:00","level":"INFO","msg":"could not connect to phone","module":"go-ios/forward","deviceID":84,"conn":"&net.TCPConn{conn:net.conn{fd:(*net.netFD)(0x4f7b3881aa00)}}","error":"Failed connecting to service, error code:3","phonePort":8100}
{"time":"2026-06-22T10:52:37.046056+04:00","level":"INFO","msg":"new client connected","module":"go-ios/forward","deviceID":84,"phonePort":8100,"conn":"&forward.ConnListener{listener:(*net.TCPListener)(0x4f7b3846f0c0), quit:(chan interface {})(0x4f7b38aac3f0)}"}
{"time":"2026-06-22T10:52:37.047324+04:00","level":"INFO","msg":"could not connect to phone","module":"go-ios/forward","deviceID":84,"conn":"&net.TCPConn{conn:net.conn{fd:(*net.netFD)(0x4f7b3881ad00)}}","error":"Failed connecting to service, error code:3","phonePort":8100}
{"time":"2026-06-22T10:52:37.048103+04:00","level":"INFO","msg":"new client connected","module":"go-ios/forward","deviceID":84,"phonePort":8100,"conn":"&forward.ConnListener{listener:(*net.TCPListener)(0x4f7b3846f0c0), quit:(chan interface {})(0x4f7b38aac3f0)}"}
{"time":"2026-06-22T10:52:37.048901+04:00","level":"INFO","msg":"could not connect to phone","module":"go-ios/forward","deviceID":84,"conn":"&net.TCPConn{conn:net.conn{fd:(*net.netFD)(0x4f7b3881b000)}}","error":"Failed connecting to service, error code:3","phonePort":8100}
{"time":"2026-06-22T10:52:37.715748+04:00","level":"INFO","msg":"new client connected","module":"go-ios/forward","deviceID":84,"phonePort":8100,"conn":"&forward.ConnListener{listener:(*net.TCPListener)(0x4f7b3846f0c0), quit:(chan interface {})(0x4f7b38aac3f0)}"}
{"time":"2026-06-22T10:52:37.716767+04:00","level":"INFO","msg":"could not connect to phone","module":"go-ios/forward","deviceID":84,"conn":"&net.TCPConn{conn:net.conn{fd:(*net.netFD)(0x4f7b387c6380)}}","error":"Failed connecting to service, error code:3","phonePort":8100}
{"time":"2026-06-22T10:52:37.718007+04:00","level":"INFO","msg":"new client connected","module":"go-ios/forward","deviceID":84,"phonePort":8100,"conn":"&forward.ConnListener{listener:(*net.TCPListener)(0x4f7b3846f0c0), quit:(chan interface {})(0x4f7b38aac3f0)}"}
{"time":"2026-06-22T10:52:37.71894+04:00","level":"INFO","msg":"could not connect to phone","module":"go-ios/forward","deviceID":84,"conn":"&net.TCPConn{conn:net.conn{fd:(*net.netFD)(0x4f7b3881b300)}}","error":"Failed connecting to service, error code:3","phonePort":8100}
{"time":"2026-06-22T10:52:38.549456+04:00","level":"INFO","msg":"new client connected","module":"go-ios/forward","deviceID":84,"phonePort":8100,"conn":"&forward.ConnListener{listener:(*net.TCPListener)(0x4f7b3846f0c0), quit:(chan interface {})(0x4f7b38aac3f0)}"}
{"time":"2026-06-22T10:52:38.551027+04:00","level":"INFO","msg":"could not connect to phone","module":"go-ios/forward","deviceID":84,"conn":"&net.TCPConn{conn:net.conn{fd:(*net.netFD)(0x4f7b3881b600)}}","error":"Failed connecting to service, error code:3","phonePort":8100}
{"time":"2026-06-22T10:52:38.551893+04:00","level":"INFO","msg":"new client connected","module":"go-ios/forward","deviceID":84,"phonePort":8100,"conn":"&forward.ConnListener{listener:(*net.TCPListener)(0x4f7b3846f0c0), quit:(chan interface {})(0x4f7b38aac3f0)}"}
{"time":"2026-06-22T10:52:38.552686+04:00","level":"INFO","msg":"could not connect to phone","module":"go-ios/forward","deviceID":84,"conn":"&net.TCPConn{conn:net.conn{fd:(*net.netFD)(0x4f7b3881b900)}}","error":"Failed connecting to service, error code:3","phonePort":8100}
{"time":"2026-06-22T10:52:39.224089+04:00","level":"INFO","msg":"new client connected","module":"go-ios/forward","deviceID":84,"phonePort":8100,"conn":"&forward.ConnListener{listener:(*net.TCPListener)(0x4f7b3846f0c0), quit:(chan interface {})(0x4f7b38aac3f0)}"}
{"time":"2026-06-22T10:52:39.22575+04:00","level":"INFO","msg":"could not connect to phone","module":"go-ios/forward","deviceID":84,"conn":"&net.TCPConn{conn:net.conn{fd:(*net.netFD)(0x4f7b3881bc00)}}","error":"Failed connecting to service, error code:3","phonePort":8100}
{"time":"2026-06-22T10:52:39.2283+04:00","level":"INFO","msg":"new client connected","module":"go-ios/forward","deviceID":84,"phonePort":8100,"conn":"&forward.ConnListener{listener:(*net.TCPListener)(0x4f7b3846f0c0), quit:(chan interface {})(0x4f7b38aac3f0)}"}
{"time":"2026-06-22T10:52:39.229724+04:00","level":"INFO","msg":"could not connect to phone","module":"go-ios/forward","deviceID":84,"conn":"&net.TCPConn{conn:net.conn{fd:(*net.netFD)(0x4f7b38840000)}}","error":"Failed connecting to service, error code:3","phonePort":8100}
{"time":"2026-06-22T10:52:40.05641+04:00","level":"INFO","msg":"new client connected","module":"go-ios/forward","deviceID":84,"phonePort":8100,"conn":"&forward.ConnListener{listener:(*net.TCPListener)(0x4f7b3846f0c0), quit:(chan interface {})(0x4f7b38aac3f0)}"}
{"time":"2026-06-22T10:52:40.057779+04:00","level":"INFO","msg":"could not connect to phone","module":"go-ios/forward","deviceID":84,"conn":"&net.TCPConn{conn:net.conn{fd:(*net.netFD)(0x4f7b38840300)}}","error":"Failed connecting to service, error code:3","phonePort":8100}
{"time":"2026-06-22T10:52:40.058816+04:00","level":"INFO","msg":"new client connected","module":"go-ios/forward","deviceID":84,"phonePort":8100,"conn":"&forward.ConnListener{listener:(*net.TCPListener)(0x4f7b3846f0c0), quit:(chan interface {})(0x4f7b38aac3f0)}"}
{"time":"2026-06-22T10:52:40.059608+04:00","level":"INFO","msg":"could not connect to phone","module":"go-ios/forward","deviceID":84,"conn":"&net.TCPConn{conn:net.conn{fd:(*net.netFD)(0x4f7b38840600)}}","error":"Failed connecting to service, error code:3","phonePort":8100}
{"time":"2026-06-22T10:52:40.732178+04:00","level":"INFO","msg":"new client connected","module":"go-ios/forward","deviceID":84,"phonePort":8100,"conn":"&forward.ConnListener{listener:(*net.TCPListener)(0x4f7b3846f0c0), quit:(chan interface {})(0x4f7b38aac3f0)}"}
{"time":"2026-06-22T10:52:40.733588+04:00","level":"INFO","msg":"could not connect to phone","module":"go-ios/forward","deviceID":84,"conn":"&net.TCPConn{conn:net.conn{fd:(*net.netFD)(0x4f7b38840900)}}","error":"Failed connecting to service, error code:3","phonePort":8100}
{"time":"2026-06-22T10:52:40.734399+04:00","level":"INFO","msg":"new client connected","module":"go-ios/forward","deviceID":84,"phonePort":8100,"conn":"&forward.ConnListener{listener:(*net.TCPListener)(0x4f7b3846f0c0), quit:(chan interface {})(0x4f7b38aac3f0)}"}
{"time":"2026-06-22T10:52:40.735182+04:00","level":"INFO","msg":"could not connect to phone","module":"go-ios/forward","deviceID":84,"conn":"&net.TCPConn{conn:net.conn{fd:(*net.netFD)(0x4f7b38840c00)}}","error":"Failed connecting to service, error code:3","phonePort":8100}
{"time":"2026-06-22T10:52:41.561578+04:00","level":"INFO","msg":"new client connected","module":"go-ios/forward","deviceID":84,"phonePort":8100,"conn":"&forward.ConnListener{listener:(*net.TCPListener)(0x4f7b3846f0c0), quit:(chan interface {})(0x4f7b38aac3f0)}"}
{"time":"2026-06-22T10:52:41.562861+04:00","level":"INFO","msg":"could not connect to phone","module":"go-ios/forward","deviceID":84,"conn":"&net.TCPConn{conn:net.conn{fd:(*net.netFD)(0x4f7b38840f00)}}","error":"Failed connecting to service, error code:3","phonePort":8100}
{"time":"2026-06-22T10:52:41.56375+04:00","level":"INFO","msg":"new client connected","module":"go-ios/forward","deviceID":84,"phonePort":8100,"conn":"&forward.ConnListener{listener:(*net.TCPListener)(0x4f7b3846f0c0), quit:(chan interface {})(0x4f7b38aac3f0)}"}
{"time":"2026-06-22T10:52:41.564783+04:00","level":"INFO","msg":"could not connect to phone","module":"go-ios/forward","deviceID":84,"conn":"&net.TCPConn{conn:net.conn{fd:(*net.netFD)(0x4f7b38841200)}}","error":"Failed connecting to service, error code:3","phonePort":8100}
{"time":"2026-06-22T10:52:42.237714+04:00","level":"INFO","msg":"new client connected","module":"go-ios/forward","deviceID":84,"phonePort":8100,"conn":"&forward.ConnListener{listener:(*net.TCPListener)(0x4f7b3846f0c0), quit:(chan interface {})(0x4f7b38aac3f0)}"}
{"time":"2026-06-22T10:52:42.238811+04:00","level":"INFO","msg":"could not connect to phone","module":"go-ios/forward","deviceID":84,"conn":"&net.TCPConn{conn:net.conn{fd:(*net.netFD)(0x4f7b387c6680)}}","error":"Failed connecting to service, error code:3","phonePort":8100}
{"time":"2026-06-22T10:52:42.239649+04:00","level":"INFO","msg":"new client connected","module":"go-ios/forward","deviceID":84,"phonePort":8100,"conn":"&forward.ConnListener{listener:(*net.TCPListener)(0x4f7b3846f0c0), quit:(chan interface {})(0x4f7b38aac3f0)}"}
{"time":"2026-06-22T10:52:42.240552+04:00","level":"INFO","msg":"could not connect to phone","module":"go-ios/forward","deviceID":84,"conn":"&net.TCPConn{conn:net.conn{fd:(*net.netFD)(0x4f7b387c6980)}}","error":"Failed connecting to service, error code:3","phonePort":8100}
{"time":"2026-06-22T10:52:43.066858+04:00","level":"INFO","msg":"new client connected","module":"go-ios/forward","deviceID":84,"phonePort":8100,"conn":"&forward.ConnListener{listener:(*net.TCPListener)(0x4f7b3846f0c0), quit:(chan interface {})(0x4f7b38aac3f0)}"}
{"time":"2026-06-22T10:52:43.068022+04:00","level":"INFO","msg":"could not connect to phone","module":"go-ios/forward","deviceID":84,"conn":"&net.TCPConn{conn:net.conn{fd:(*net.netFD)(0x4f7b38841700)}}","error":"Failed connecting to service, error code:3","phonePort":8100}
{"time":"2026-06-22T10:52:43.068728+04:00","level":"INFO","msg":"new client connected","module":"go-ios/forward","deviceID":84,"phonePort":8100,"conn":"&forward.ConnListener{listener:(*net.TCPListener)(0x4f7b3846f0c0), quit:(chan interface {})(0x4f7b38aac3f0)}"}
{"time":"2026-06-22T10:52:43.069685+04:00","level":"INFO","msg":"could not connect to phone","module":"go-ios/forward","deviceID":84,"conn":"&net.TCPConn{conn:net.conn{fd:(*net.netFD)(0x4f7b38841a00)}}","error":"Failed connecting to service, error code:3","phonePort":8100}
{"time":"2026-06-22T10:52:43.741386+04:00","level":"INFO","msg":"new client connected","module":"go-ios/forward","deviceID":84,"phonePort":8100,"conn":"&forward.ConnListener{listener:(*net.TCPListener)(0x4f7b3846f0c0), quit:(chan interface {})(0x4f7b38aac3f0)}"}
{"time":"2026-06-22T10:52:43.742509+04:00","level":"INFO","msg":"could not connect to phone","module":"go-ios/forward","deviceID":84,"conn":"&net.TCPConn{conn:net.conn{fd:(*net.netFD)(0x4f7b38841d00)}}","error":"Failed connecting to service, error code:3","phonePort":8100}
{"time":"2026-06-22T10:52:43.743209+04:00","level":"INFO","msg":"new client connected","module":"go-ios/forward","deviceID":84,"phonePort":8100,"conn":"&forward.ConnListener{listener:(*net.TCPListener)(0x4f7b3846f0c0), quit:(chan interface {})(0x4f7b38aac3f0)}"}
{"time":"2026-06-22T10:52:43.744432+04:00","level":"INFO","msg":"could not connect to phone","module":"go-ios/forward","deviceID":84,"conn":"&net.TCPConn{conn:net.conn{fd:(*net.netFD)(0x4f7b38862100)}}","error":"Failed connecting to service, error code:3","phonePort":8100}
{"time":"2026-06-22T10:52:44.572388+04:00","level":"INFO","msg":"new client connected","module":"go-ios/forward","deviceID":84,"phonePort":8100,"conn":"&forward.ConnListener{listener:(*net.TCPListener)(0x4f7b3846f0c0), quit:(chan interface {})(0x4f7b38aac3f0)}"}
{"time":"2026-06-22T10:52:44.573616+04:00","level":"INFO","msg":"could not connect to phone","module":"go-ios/forward","deviceID":84,"conn":"&net.TCPConn{conn:net.conn{fd:(*net.netFD)(0x4f7b38862400)}}","error":"Failed connecting to service, error code:3","phonePort":8100}
{"time":"2026-06-22T10:52:44.574284+04:00","level":"INFO","msg":"new client connected","module":"go-ios/forward","deviceID":84,"phonePort":8100,"conn":"&forward.ConnListener{listener:(*net.TCPListener)(0x4f7b3846f0c0), quit:(chan interface {})(0x4f7b38aac3f0)}"}
{"time":"2026-06-22T10:52:44.57494+04:00","level":"INFO","msg":"could not connect to phone","module":"go-ios/forward","deviceID":84,"conn":"&net.TCPConn{conn:net.conn{fd:(*net.netFD)(0x4f7b38862700)}}","error":"Failed connecting to service, error code:3","phonePort":8100}
{"time":"2026-06-22T10:52:45.245747+04:00","level":"INFO","msg":"new client connected","module":"go-ios/forward","deviceID":84,"phonePort":8100,"conn":"&forward.ConnListener{listener:(*net.TCPListener)(0x4f7b3846f0c0), quit:(chan interface {})(0x4f7b38aac3f0)}"}
{"time":"2026-06-22T10:52:45.247508+04:00","level":"INFO","msg":"could not connect to phone","module":"go-ios/forward","deviceID":84,"conn":"&net.TCPConn{conn:net.conn{fd:(*net.netFD)(0x4f7b38862a00)}}","error":"Failed connecting to service, error code:3","phonePort":8100}
{"time":"2026-06-22T10:52:45.248573+04:00","level":"INFO","msg":"new client connected","module":"go-ios/forward","deviceID":84,"phonePort":8100,"conn":"&forward.ConnListener{listener:(*net.TCPListener)(0x4f7b3846f0c0), quit:(chan interface {})(0x4f7b38aac3f0)}"}
{"time":"2026-06-22T10:52:45.2496+04:00","level":"INFO","msg":"could not connect to phone","module":"go-ios/forward","deviceID":84,"conn":"&net.TCPConn{conn:net.conn{fd:(*net.netFD)(0x4f7b38bf2c00)}}","error":"Failed connecting to service, error code:3","phonePort":8100}
{"time":"2026-06-22T10:52:46.077175+04:00","level":"INFO","msg":"new client connected","module":"go-ios/forward","deviceID":84,"phonePort":8100,"conn":"&forward.ConnListener{listener:(*net.TCPListener)(0x4f7b3846f0c0), quit:(chan interface {})(0x4f7b38aac3f0)}"}
{"time":"2026-06-22T10:52:46.078415+04:00","level":"INFO","msg":"could not connect to phone","module":"go-ios/forward","deviceID":84,"conn":"&net.TCPConn{conn:net.conn{fd:(*net.netFD)(0x4f7b38bf2f00)}}","error":"Failed connecting to service, error code:3","phonePort":8100}
{"time":"2026-06-22T10:52:46.079233+04:00","level":"INFO","msg":"new client connected","module":"go-ios/forward","deviceID":84,"phonePort":8100,"conn":"&forward.ConnListener{listener:(*net.TCPListener)(0x4f7b3846f0c0), quit:(chan interface {})(0x4f7b38aac3f0)}"}
{"time":"2026-06-22T10:52:46.079896+04:00","level":"INFO","msg":"could not connect to phone","module":"go-ios/forward","deviceID":84,"conn":"&net.TCPConn{conn:net.conn{fd:(*net.netFD)(0x4f7b38bf3200)}}","error":"Failed connecting to service, error code:3","phonePort":8100}
{"time":"2026-06-22T10:52:46.752227+04:00","level":"INFO","msg":"new client connected","module":"go-ios/forward","deviceID":84,"phonePort":8100,"conn":"&forward.ConnListener{listener:(*net.TCPListener)(0x4f7b3846f0c0), quit:(chan interface {})(0x4f7b38aac3f0)}"}
{"time":"2026-06-22T10:52:46.753502+04:00","level":"INFO","msg":"could not connect to phone","module":"go-ios/forward","deviceID":84,"conn":"&net.TCPConn{conn:net.conn{fd:(*net.netFD)(0x4f7b38bf3500)}}","error":"Failed connecting to service, error code:3","phonePort":8100}
{"time":"2026-06-22T10:52:46.75436+04:00","level":"INFO","msg":"new client connected","module":"go-ios/forward","deviceID":84,"phonePort":8100,"conn":"&forward.ConnListener{listener:(*net.TCPListener)(0x4f7b3846f0c0), quit:(chan interface {})(0x4f7b38aac3f0)}"}
{"time":"2026-06-22T10:52:46.755612+04:00","level":"INFO","msg":"could not connect to phone","module":"go-ios/forward","deviceID":84,"conn":"&net.TCPConn{conn:net.conn{fd:(*net.netFD)(0x4f7b38862d00)}}","error":"Failed connecting to service, error code:3","phonePort":8100}
{"time":"2026-06-22T10:52:47.582714+04:00","level":"INFO","msg":"new client connected","module":"go-ios/forward","deviceID":84,"phonePort":8100,"conn":"&forward.ConnListener{listener:(*net.TCPListener)(0x4f7b3846f0c0), quit:(chan interface {})(0x4f7b38aac3f0)}"}
{"time":"2026-06-22T10:52:47.583998+04:00","level":"INFO","msg":"could not connect to phone","module":"go-ios/forward","deviceID":84,"conn":"&net.TCPConn{conn:net.conn{fd:(*net.netFD)(0x4f7b38863000)}}","error":"Failed connecting to service, error code:3","phonePort":8100}
{"time":"2026-06-22T10:52:47.585008+04:00","level":"INFO","msg":"new client connected","module":"go-ios/forward","deviceID":84,"phonePort":8100,"conn":"&forward.ConnListener{listener:(*net.TCPListener)(0x4f7b3846f0c0), quit:(chan interface {})(0x4f7b38aac3f0)}"}
{"time":"2026-06-22T10:52:47.585904+04:00","level":"INFO","msg":"could not connect to phone","module":"go-ios/forward","deviceID":84,"conn":"&net.TCPConn{conn:net.conn{fd:(*net.netFD)(0x4f7b38863300)}}","error":"Failed connecting to service, error code:3","phonePort":8100}
{"time":"2026-06-22T10:52:48.260902+04:00","level":"INFO","msg":"new client connected","module":"go-ios/forward","deviceID":84,"phonePort":8100,"conn":"&forward.ConnListener{listener:(*net.TCPListener)(0x4f7b3846f0c0), quit:(chan interface {})(0x4f7b38aac3f0)}"}
{"time":"2026-06-22T10:52:48.262106+04:00","level":"INFO","msg":"could not connect to phone","module":"go-ios/forward","deviceID":84,"conn":"&net.TCPConn{conn:net.conn{fd:(*net.netFD)(0x4f7b38863600)}}","error":"Failed connecting to service, error code:3","phonePort":8100}
{"time":"2026-06-22T10:52:48.26282+04:00","level":"INFO","msg":"new client connected","module":"go-ios/forward","deviceID":84,"phonePort":8100,"conn":"&forward.ConnListener{listener:(*net.TCPListener)(0x4f7b3846f0c0), quit:(chan interface {})(0x4f7b38aac3f0)}"}
{"time":"2026-06-22T10:52:48.26343+04:00","level":"INFO","msg":"could not connect to phone","module":"go-ios/forward","deviceID":84,"conn":"&net.TCPConn{conn:net.conn{fd:(*net.netFD)(0x4f7b38bf3800)}}","error":"Failed connecting to service, error code:3","phonePort":8100}
{"time":"2026-06-22T10:52:49.087297+04:00","level":"INFO","msg":"new client connected","module":"go-ios/forward","deviceID":84,"phonePort":8100,"conn":"&forward.ConnListener{listener:(*net.TCPListener)(0x4f7b3846f0c0), quit:(chan interface {})(0x4f7b38aac3f0)}"}
{"time":"2026-06-22T10:52:49.088549+04:00","level":"INFO","msg":"could not connect to phone","module":"go-ios/forward","deviceID":84,"conn":"&net.TCPConn{conn:net.conn{fd:(*net.netFD)(0x4f7b38bf3b00)}}","error":"Failed connecting to service, error code:3","phonePort":8100}
{"time":"2026-06-22T10:52:49.089388+04:00","level":"INFO","msg":"new client connected","module":"go-ios/forward","deviceID":84,"phonePort":8100,"conn":"&forward.ConnListener{listener:(*net.TCPListener)(0x4f7b3846f0c0), quit:(chan interface {})(0x4f7b38aac3f0)}"}
{"time":"2026-06-22T10:52:49.090341+04:00","level":"INFO","msg":"could not connect to phone","module":"go-ios/forward","deviceID":84,"conn":"&net.TCPConn{conn:net.conn{fd:(*net.netFD)(0x4f7b38863900)}}","error":"Failed connecting to service, error code:3","phonePort":8100}
{"time":"2026-06-22T10:52:49.765271+04:00","level":"INFO","msg":"new client connected","module":"go-ios/forward","deviceID":84,"phonePort":8100,"conn":"&forward.ConnListener{listener:(*net.TCPListener)(0x4f7b3846f0c0), quit:(chan interface {})(0x4f7b38aac3f0)}"}
{"time":"2026-06-22T10:52:49.766623+04:00","level":"INFO","msg":"could not connect to phone","module":"go-ios/forward","deviceID":84,"conn":"&net.TCPConn{conn:net.conn{fd:(*net.netFD)(0x4f7b38863c00)}}","error":"Failed connecting to service, error code:3","phonePort":8100}
{"time":"2026-06-22T10:52:49.767467+04:00","level":"INFO","msg":"new client connected","module":"go-ios/forward","deviceID":84,"phonePort":8100,"conn":"&forward.ConnListener{listener:(*net.TCPListener)(0x4f7b3846f0c0), quit:(chan interface {})(0x4f7b38aac3f0)}"}
{"time":"2026-06-22T10:52:49.768122+04:00","level":"INFO","msg":"could not connect to phone","module":"go-ios/forward","deviceID":84,"conn":"&net.TCPConn{conn:net.conn{fd:(*net.netFD)(0x4f7b3891a000)}}","error":"Failed connecting to service, error code:3","phonePort":8100}
{"time":"2026-06-22T10:52:50.614774+04:00","level":"INFO","msg":"new client connected","module":"go-ios/forward","deviceID":84,"phonePort":8100,"conn":"&forward.ConnListener{listener:(*net.TCPListener)(0x4f7b3846f0c0), quit:(chan interface {})(0x4f7b38aac3f0)}"}
{"time":"2026-06-22T10:52:50.618029+04:00","level":"INFO","msg":"could not connect to phone","module":"go-ios/forward","deviceID":84,"conn":"&net.TCPConn{conn:net.conn{fd:(*net.netFD)(0x4f7b3891a300)}}","error":"Failed connecting to service, error code:3","phonePort":8100}
{"time":"2026-06-22T10:52:50.626275+04:00","level":"INFO","msg":"new client connected","module":"go-ios/forward","deviceID":84,"phonePort":8100,"conn":"&forward.ConnListener{listener:(*net.TCPListener)(0x4f7b3846f0c0), quit:(chan interface {})(0x4f7b38aac3f0)}"}
{"time":"2026-06-22T10:52:50.628039+04:00","level":"INFO","msg":"could not connect to phone","module":"go-ios/forward","deviceID":84,"conn":"&net.TCPConn{conn:net.conn{fd:(*net.netFD)(0x4f7b3891a600)}}","error":"Failed connecting to service, error code:3","phonePort":8100}
{"time":"2026-06-22T10:52:51.271404+04:00","level":"INFO","msg":"new client connected","module":"go-ios/forward","deviceID":84,"phonePort":8100,"conn":"&forward.ConnListener{listener:(*net.TCPListener)(0x4f7b3846f0c0), quit:(chan interface {})(0x4f7b38aac3f0)}"}
{"time":"2026-06-22T10:52:51.272664+04:00","level":"INFO","msg":"could not connect to phone","module":"go-ios/forward","deviceID":84,"conn":"&net.TCPConn{conn:net.conn{fd:(*net.netFD)(0x4f7b3891a900)}}","error":"Failed connecting to service, error code:3","phonePort":8100}
{"time":"2026-06-22T10:52:51.273407+04:00","level":"INFO","msg":"new client connected","module":"go-ios/forward","deviceID":84,"phonePort":8100,"conn":"&forward.ConnListener{listener:(*net.TCPListener)(0x4f7b3846f0c0), quit:(chan interface {})(0x4f7b38aac3f0)}"}
{"time":"2026-06-22T10:52:51.274228+04:00","level":"INFO","msg":"could not connect to phone","module":"go-ios/forward","deviceID":84,"conn":"&net.TCPConn{conn:net.conn{fd:(*net.netFD)(0x4f7b3891ac00)}}","error":"Failed connecting to service, error code:3","phonePort":8100}
{"time":"2026-06-22T10:52:52.130913+04:00","level":"INFO","msg":"new client connected","module":"go-ios/forward","deviceID":84,"phonePort":8100,"conn":"&forward.ConnListener{listener:(*net.TCPListener)(0x4f7b3846f0c0), quit:(chan interface {})(0x4f7b38aac3f0)}"}
{"time":"2026-06-22T10:52:52.132521+04:00","level":"INFO","msg":"could not connect to phone","module":"go-ios/forward","deviceID":84,"conn":"&net.TCPConn{conn:net.conn{fd:(*net.netFD)(0x4f7b38bf3e00)}}","error":"Failed connecting to service, error code:3","phonePort":8100}
{"time":"2026-06-22T10:52:52.133888+04:00","level":"INFO","msg":"new client connected","module":"go-ios/forward","deviceID":84,"phonePort":8100,"conn":"&forward.ConnListener{listener:(*net.TCPListener)(0x4f7b3846f0c0), quit:(chan interface {})(0x4f7b38aac3f0)}"}
{"time":"2026-06-22T10:52:52.13519+04:00","level":"INFO","msg":"could not connect to phone","module":"go-ios/forward","deviceID":84,"conn":"&net.TCPConn{conn:net.conn{fd:(*net.netFD)(0x4f7b3889a200)}}","error":"Failed connecting to service, error code:3","phonePort":8100}
{"time":"2026-06-22T10:52:52.776032+04:00","level":"INFO","msg":"new client connected","module":"go-ios/forward","deviceID":84,"phonePort":8100,"conn":"&forward.ConnListener{listener:(*net.TCPListener)(0x4f7b3846f0c0), quit:(chan interface {})(0x4f7b38aac3f0)}"}
{"time":"2026-06-22T10:52:52.777323+04:00","level":"INFO","msg":"could not connect to phone","module":"go-ios/forward","deviceID":84,"conn":"&net.TCPConn{conn:net.conn{fd:(*net.netFD)(0x4f7b3889a500)}}","error":"Failed connecting to service, error code:3","phonePort":8100}
{"time":"2026-06-22T10:52:52.778304+04:00","level":"INFO","msg":"new client connected","module":"go-ios/forward","deviceID":84,"phonePort":8100,"conn":"&forward.ConnListener{listener:(*net.TCPListener)(0x4f7b3846f0c0), quit:(chan interface {})(0x4f7b38aac3f0)}"}
{"time":"2026-06-22T10:52:52.779165+04:00","level":"INFO","msg":"could not connect to phone","module":"go-ios/forward","deviceID":84,"conn":"&net.TCPConn{conn:net.conn{fd:(*net.netFD)(0x4f7b3889a800)}}","error":"Failed connecting to service, error code:3","phonePort":8100}
{"time":"2026-06-22T10:52:53.63844+04:00","level":"INFO","msg":"new client connected","module":"go-ios/forward","deviceID":84,"phonePort":8100,"conn":"&forward.ConnListener{listener:(*net.TCPListener)(0x4f7b3846f0c0), quit:(chan interface {})(0x4f7b38aac3f0)}"}
{"time":"2026-06-22T10:52:53.639855+04:00","level":"INFO","msg":"could not connect to phone","module":"go-ios/forward","deviceID":84,"conn":"&net.TCPConn{conn:net.conn{fd:(*net.netFD)(0x4f7b3889ab00)}}","error":"Failed connecting to service, error code:3","phonePort":8100}
{"time":"2026-06-22T10:52:53.640783+04:00","level":"INFO","msg":"new client connected","module":"go-ios/forward","deviceID":84,"phonePort":8100,"conn":"&forward.ConnListener{listener:(*net.TCPListener)(0x4f7b3846f0c0), quit:(chan interface {})(0x4f7b38aac3f0)}"}
{"time":"2026-06-22T10:52:53.641742+04:00","level":"INFO","msg":"could not connect to phone","module":"go-ios/forward","deviceID":84,"conn":"&net.TCPConn{conn:net.conn{fd:(*net.netFD)(0x4f7b3889ae00)}}","error":"Failed connecting to service, error code:3","phonePort":8100}
{"time":"2026-06-22T10:52:54.293994+04:00","level":"INFO","msg":"new client connected","module":"go-ios/forward","deviceID":84,"phonePort":8100,"conn":"&forward.ConnListener{listener:(*net.TCPListener)(0x4f7b3846f0c0), quit:(chan interface {})(0x4f7b38aac3f0)}"}
{"time":"2026-06-22T10:52:54.299405+04:00","level":"INFO","msg":"could not connect to phone","module":"go-ios/forward","deviceID":84,"conn":"&net.TCPConn{conn:net.conn{fd:(*net.netFD)(0x4f7b3889b100)}}","error":"Failed connecting to service, error code:3","phonePort":8100}
{"time":"2026-06-22T10:52:54.30417+04:00","level":"INFO","msg":"new client connected","module":"go-ios/forward","deviceID":84,"phonePort":8100,"conn":"&forward.ConnListener{listener:(*net.TCPListener)(0x4f7b3846f0c0), quit:(chan interface {})(0x4f7b38aac3f0)}"}
{"time":"2026-06-22T10:52:54.305774+04:00","level":"INFO","msg":"could not connect to phone","module":"go-ios/forward","deviceID":84,"conn":"&net.TCPConn{conn:net.conn{fd:(*net.netFD)(0x4f7b3889b400)}}","error":"Failed connecting to service, error code:3","phonePort":8100}
{"time":"2026-06-22T10:52:55.146643+04:00","level":"INFO","msg":"new client connected","module":"go-ios/forward","deviceID":84,"phonePort":8100,"conn":"&forward.ConnListener{listener:(*net.TCPListener)(0x4f7b3846f0c0), quit:(chan interface {})(0x4f7b38aac3f0)}"}
{"time":"2026-06-22T10:52:55.148327+04:00","level":"INFO","msg":"could not connect to phone","module":"go-ios/forward","deviceID":84,"conn":"&net.TCPConn{conn:net.conn{fd:(*net.netFD)(0x4f7b3891af00)}}","error":"Failed connecting to service, error code:3","phonePort":8100}
{"time":"2026-06-22T10:52:55.149294+04:00","level":"INFO","msg":"new client connected","module":"go-ios/forward","deviceID":84,"phonePort":8100,"conn":"&forward.ConnListener{listener:(*net.TCPListener)(0x4f7b3846f0c0), quit:(chan interface {})(0x4f7b38aac3f0)}"}
{"time":"2026-06-22T10:52:55.150343+04:00","level":"INFO","msg":"could not connect to phone","module":"go-ios/forward","deviceID":84,"conn":"&net.TCPConn{conn:net.conn{fd:(*net.netFD)(0x4f7b3891b200)}}","error":"Failed connecting to service, error code:3","phonePort":8100}
{"time":"2026-06-22T10:52:55.820316+04:00","level":"INFO","msg":"new client connected","module":"go-ios/forward","deviceID":84,"phonePort":8100,"conn":"&forward.ConnListener{listener:(*net.TCPListener)(0x4f7b3846f0c0), quit:(chan interface {})(0x4f7b38aac3f0)}"}
{"time":"2026-06-22T10:52:55.822175+04:00","level":"INFO","msg":"could not connect to phone","module":"go-ios/forward","deviceID":84,"conn":"&net.TCPConn{conn:net.conn{fd:(*net.netFD)(0x4f7b3889b700)}}","error":"Failed connecting to service, error code:3","phonePort":8100}
{"time":"2026-06-22T10:52:55.824994+04:00","level":"INFO","msg":"new client connected","module":"go-ios/forward","deviceID":84,"phonePort":8100,"conn":"&forward.ConnListener{listener:(*net.TCPListener)(0x4f7b3846f0c0), quit:(chan interface {})(0x4f7b38aac3f0)}"}
{"time":"2026-06-22T10:52:55.826476+04:00","level":"INFO","msg":"could not connect to phone","module":"go-ios/forward","deviceID":84,"conn":"&net.TCPConn{conn:net.conn{fd:(*net.netFD)(0x4f7b3889ba00)}}","error":"Failed connecting to service, error code:3","phonePort":8100}
{"time":"2026-06-22T10:52:56.66036+04:00","level":"INFO","msg":"new client connected","module":"go-ios/forward","deviceID":84,"phonePort":8100,"conn":"&forward.ConnListener{listener:(*net.TCPListener)(0x4f7b3846f0c0), quit:(chan interface {})(0x4f7b38aac3f0)}"}
{"time":"2026-06-22T10:52:56.663491+04:00","level":"INFO","msg":"could not connect to phone","module":"go-ios/forward","deviceID":84,"conn":"&net.TCPConn{conn:net.conn{fd:(*net.netFD)(0x4f7b3889bd00)}}","error":"Failed connecting to service, error code:3","phonePort":8100}
{"time":"2026-06-22T10:52:56.665918+04:00","level":"INFO","msg":"new client connected","module":"go-ios/forward","deviceID":84,"phonePort":8100,"conn":"&forward.ConnListener{listener:(*net.TCPListener)(0x4f7b3846f0c0), quit:(chan interface {})(0x4f7b38aac3f0)}"}
{"time":"2026-06-22T10:52:56.667466+04:00","level":"INFO","msg":"could not connect to phone","module":"go-ios/forward","deviceID":84,"conn":"&net.TCPConn{conn:net.conn{fd:(*net.netFD)(0x4f7b3891b700)}}","error":"Failed connecting to service, error code:3","phonePort":8100}
{"time":"2026-06-22T10:52:57.329087+04:00","level":"INFO","msg":"new client connected","module":"go-ios/forward","deviceID":84,"phonePort":8100,"conn":"&forward.ConnListener{listener:(*net.TCPListener)(0x4f7b3846f0c0), quit:(chan interface {})(0x4f7b38aac3f0)}"}
{"time":"2026-06-22T10:52:57.330207+04:00","level":"INFO","msg":"could not connect to phone","module":"go-ios/forward","deviceID":84,"conn":"&net.TCPConn{conn:net.conn{fd:(*net.netFD)(0x4f7b3891ba00)}}","error":"Failed connecting to service, error code:3","phonePort":8100}
{"time":"2026-06-22T10:52:57.330994+04:00","level":"INFO","msg":"new client connected","module":"go-ios/forward","deviceID":84,"phonePort":8100,"conn":"&forward.ConnListener{listener:(*net.TCPListener)(0x4f7b3846f0c0), quit:(chan interface {})(0x4f7b38aac3f0)}"}
{"time":"2026-06-22T10:52:57.331738+04:00","level":"INFO","msg":"could not connect to phone","module":"go-ios/forward","deviceID":84,"conn":"&net.TCPConn{conn:net.conn{fd:(*net.netFD)(0x4f7b3891bd00)}}","error":"Failed connecting to service, error code:3","phonePort":8100}
{"time":"2026-06-22T10:52:58.169772+04:00","level":"INFO","msg":"new client connected","module":"go-ios/forward","deviceID":84,"phonePort":8100,"conn":"&forward.ConnListener{listener:(*net.TCPListener)(0x4f7b3846f0c0), quit:(chan interface {})(0x4f7b38aac3f0)}"}
{"time":"2026-06-22T10:52:58.170945+04:00","level":"INFO","msg":"could not connect to phone","module":"go-ios/forward","deviceID":84,"conn":"&net.TCPConn{conn:net.conn{fd:(*net.netFD)(0x4f7b3894e100)}}","error":"Failed connecting to service, error code:3","phonePort":8100}
{"time":"2026-06-22T10:52:58.172196+04:00","level":"INFO","msg":"new client connected","module":"go-ios/forward","deviceID":84,"phonePort":8100,"conn":"&forward.ConnListener{listener:(*net.TCPListener)(0x4f7b3846f0c0), quit:(chan interface {})(0x4f7b38aac3f0)}"}
{"time":"2026-06-22T10:52:58.173203+04:00","level":"INFO","msg":"could not connect to phone","module":"go-ios/forward","deviceID":84,"conn":"&net.TCPConn{conn:net.conn{fd:(*net.netFD)(0x4f7b3894e400)}}","error":"Failed connecting to service, error code:3","phonePort":8100}
{"time":"2026-06-22T10:52:58.833514+04:00","level":"INFO","msg":"new client connected","module":"go-ios/forward","deviceID":84,"phonePort":8100,"conn":"&forward.ConnListener{listener:(*net.TCPListener)(0x4f7b3846f0c0), quit:(chan interface {})(0x4f7b38aac3f0)}"}
{"time":"2026-06-22T10:52:58.834842+04:00","level":"INFO","msg":"could not connect to phone","module":"go-ios/forward","deviceID":84,"conn":"&net.TCPConn{conn:net.conn{fd:(*net.netFD)(0x4f7b3894e700)}}","error":"Failed connecting to service, error code:3","phonePort":8100}
{"time":"2026-06-22T10:52:58.83589+04:00","level":"INFO","msg":"new client connected","module":"go-ios/forward","deviceID":84,"phonePort":8100,"conn":"&forward.ConnListener{listener:(*net.TCPListener)(0x4f7b3846f0c0), quit:(chan interface {})(0x4f7b38aac3f0)}"}
{"time":"2026-06-22T10:52:58.837273+04:00","level":"INFO","msg":"could not connect to phone","module":"go-ios/forward","deviceID":84,"conn":"&net.TCPConn{conn:net.conn{fd:(*net.netFD)(0x4f7b3889be00)}}","error":"Failed connecting to service, error code:3","phonePort":8100}
{"time":"2026-06-22T10:52:59.675008+04:00","level":"INFO","msg":"new client connected","module":"go-ios/forward","deviceID":84,"phonePort":8100,"conn":"&forward.ConnListener{listener:(*net.TCPListener)(0x4f7b3846f0c0), quit:(chan interface {})(0x4f7b38aac3f0)}"}
{"time":"2026-06-22T10:52:59.676316+04:00","level":"INFO","msg":"could not connect to phone","module":"go-ios/forward","deviceID":84,"conn":"&net.TCPConn{conn:net.conn{fd:(*net.netFD)(0x4f7b388be200)}}","error":"Failed connecting to service, error code:3","phonePort":8100}
{"time":"2026-06-22T10:52:59.6772+04:00","level":"INFO","msg":"new client connected","module":"go-ios/forward","deviceID":84,"phonePort":8100,"conn":"&forward.ConnListener{listener:(*net.TCPListener)(0x4f7b3846f0c0), quit:(chan interface {})(0x4f7b38aac3f0)}"}
{"time":"2026-06-22T10:52:59.678157+04:00","level":"INFO","msg":"could not connect to phone","module":"go-ios/forward","deviceID":84,"conn":"&net.TCPConn{conn:net.conn{fd:(*net.netFD)(0x4f7b388be500)}}","error":"Failed connecting to service, error code:3","phonePort":8100}
{"time":"2026-06-22T10:53:00.344954+04:00","level":"INFO","msg":"new client connected","module":"go-ios/forward","deviceID":84,"phonePort":8100,"conn":"&forward.ConnListener{listener:(*net.TCPListener)(0x4f7b3846f0c0), quit:(chan interface {})(0x4f7b38aac3f0)}"}
{"time":"2026-06-22T10:53:00.346664+04:00","level":"INFO","msg":"could not connect to phone","module":"go-ios/forward","deviceID":84,"conn":"&net.TCPConn{conn:net.conn{fd:(*net.netFD)(0x4f7b388be800)}}","error":"Failed connecting to service, error code:3","phonePort":8100}
{"time":"2026-06-22T10:53:00.349316+04:00","level":"INFO","msg":"new client connected","module":"go-ios/forward","deviceID":84,"phonePort":8100,"conn":"&forward.ConnListener{listener:(*net.TCPListener)(0x4f7b3846f0c0), quit:(chan interface {})(0x4f7b38aac3f0)}"}
{"time":"2026-06-22T10:53:00.350457+04:00","level":"INFO","msg":"could not connect to phone","module":"go-ios/forward","deviceID":84,"conn":"&net.TCPConn{conn:net.conn{fd:(*net.netFD)(0x4f7b3894ea00)}}","error":"Failed connecting to service, error code:3","phonePort":8100}
{"time":"2026-06-22T10:53:01.179885+04:00","level":"INFO","msg":"new client connected","module":"go-ios/forward","deviceID":84,"phonePort":8100,"conn":"&forward.ConnListener{listener:(*net.TCPListener)(0x4f7b3846f0c0), quit:(chan interface {})(0x4f7b38aac3f0)}"}
{"time":"2026-06-22T10:53:01.182032+04:00","level":"INFO","msg":"could not connect to phone","module":"go-ios/forward","deviceID":84,"conn":"&net.TCPConn{conn:net.conn{fd:(*net.netFD)(0x4f7b3894ed00)}}","error":"Failed connecting to service, error code:3","phonePort":8100}
{"time":"2026-06-22T10:53:01.182941+04:00","level":"INFO","msg":"new client connected","module":"go-ios/forward","deviceID":84,"phonePort":8100,"conn":"&forward.ConnListener{listener:(*net.TCPListener)(0x4f7b3846f0c0), quit:(chan interface {})(0x4f7b38aac3f0)}"}
{"time":"2026-06-22T10:53:01.183736+04:00","level":"INFO","msg":"could not connect to phone","module":"go-ios/forward","deviceID":84,"conn":"&net.TCPConn{conn:net.conn{fd:(*net.netFD)(0x4f7b3894f000)}}","error":"Failed connecting to service, error code:3","phonePort":8100}
{"time":"2026-06-22T10:53:01.853176+04:00","level":"INFO","msg":"new client connected","module":"go-ios/forward","deviceID":84,"phonePort":8100,"conn":"&forward.ConnListener{listener:(*net.TCPListener)(0x4f7b3846f0c0), quit:(chan interface {})(0x4f7b38aac3f0)}"}
{"time":"2026-06-22T10:53:01.854441+04:00","level":"INFO","msg":"could not connect to phone","module":"go-ios/forward","deviceID":84,"conn":"&net.TCPConn{conn:net.conn{fd:(*net.netFD)(0x4f7b3894f300)}}","error":"Failed connecting to service, error code:3","phonePort":8100}
{"time":"2026-06-22T10:53:01.85586+04:00","level":"INFO","msg":"new client connected","module":"go-ios/forward","deviceID":84,"phonePort":8100,"conn":"&forward.ConnListener{listener:(*net.TCPListener)(0x4f7b3846f0c0), quit:(chan interface {})(0x4f7b38aac3f0)}"}
{"time":"2026-06-22T10:53:01.857033+04:00","level":"INFO","msg":"could not connect to phone","module":"go-ios/forward","deviceID":84,"conn":"&net.TCPConn{conn:net.conn{fd:(*net.netFD)(0x4f7b3894f600)}}","error":"Failed connecting to service, error code:3","phonePort":8100}
{"time":"2026-06-22T10:53:02.686282+04:00","level":"INFO","msg":"new client connected","module":"go-ios/forward","deviceID":84,"phonePort":8100,"conn":"&forward.ConnListener{listener:(*net.TCPListener)(0x4f7b3846f0c0), quit:(chan interface {})(0x4f7b38aac3f0)}"}
{"time":"2026-06-22T10:53:02.687743+04:00","level":"INFO","msg":"could not connect to phone","module":"go-ios/forward","deviceID":84,"conn":"&net.TCPConn{conn:net.conn{fd:(*net.netFD)(0x4f7b388beb00)}}","error":"Failed connecting to service, error code:3","phonePort":8100}
{"time":"2026-06-22T10:53:02.688629+04:00","level":"INFO","msg":"new client connected","module":"go-ios/forward","deviceID":84,"phonePort":8100,"conn":"&forward.ConnListener{listener:(*net.TCPListener)(0x4f7b3846f0c0), quit:(chan interface {})(0x4f7b38aac3f0)}"}
{"time":"2026-06-22T10:53:02.689285+04:00","level":"INFO","msg":"could not connect to phone","module":"go-ios/forward","deviceID":84,"conn":"&net.TCPConn{conn:net.conn{fd:(*net.netFD)(0x4f7b388bee00)}}","error":"Failed connecting to service, error code:3","phonePort":8100}
{"time":"2026-06-22T10:53:03.35899+04:00","level":"INFO","msg":"new client connected","module":"go-ios/forward","deviceID":84,"phonePort":8100,"conn":"&forward.ConnListener{listener:(*net.TCPListener)(0x4f7b3846f0c0), quit:(chan interface {})(0x4f7b38aac3f0)}"}
{"time":"2026-06-22T10:53:03.360786+04:00","level":"INFO","msg":"could not connect to phone","module":"go-ios/forward","deviceID":84,"conn":"&net.TCPConn{conn:net.conn{fd:(*net.netFD)(0x4f7b3894f900)}}","error":"Failed connecting to service, error code:3","phonePort":8100}
{"time":"2026-06-22T10:53:03.361678+04:00","level":"INFO","msg":"new client connected","module":"go-ios/forward","deviceID":84,"phonePort":8100,"conn":"&forward.ConnListener{listener:(*net.TCPListener)(0x4f7b3846f0c0), quit:(chan interface {})(0x4f7b38aac3f0)}"}
{"time":"2026-06-22T10:53:03.362716+04:00","level":"INFO","msg":"could not connect to phone","module":"go-ios/forward","deviceID":84,"conn":"&net.TCPConn{conn:net.conn{fd:(*net.netFD)(0x4f7b3894fc00)}}","error":"Failed connecting to service, error code:3","phonePort":8100}
{"time":"2026-06-22T10:53:04.192281+04:00","level":"INFO","msg":"new client connected","module":"go-ios/forward","deviceID":84,"phonePort":8100,"conn":"&forward.ConnListener{listener:(*net.TCPListener)(0x4f7b3846f0c0), quit:(chan interface {})(0x4f7b38aac3f0)}"}
{"time":"2026-06-22T10:53:04.193788+04:00","level":"INFO","msg":"could not connect to phone","module":"go-ios/forward","deviceID":84,"conn":"&net.TCPConn{conn:net.conn{fd:(*net.netFD)(0x4f7b38978000)}}","error":"Failed connecting to service, error code:3","phonePort":8100}
{"time":"2026-06-22T10:53:04.194816+04:00","level":"INFO","msg":"new client connected","module":"go-ios/forward","deviceID":84,"phonePort":8100,"conn":"&forward.ConnListener{listener:(*net.TCPListener)(0x4f7b3846f0c0), quit:(chan interface {})(0x4f7b38aac3f0)}"}
{"time":"2026-06-22T10:53:04.19555+04:00","level":"INFO","msg":"could not connect to phone","module":"go-ios/forward","deviceID":84,"conn":"&net.TCPConn{conn:net.conn{fd:(*net.netFD)(0x4f7b388bf100)}}","error":"Failed connecting to service, error code:3","phonePort":8100}
{"time":"2026-06-22T10:53:04.864432+04:00","level":"INFO","msg":"new client connected","module":"go-ios/forward","deviceID":84,"phonePort":8100,"conn":"&forward.ConnListener{listener:(*net.TCPListener)(0x4f7b3846f0c0), quit:(chan interface {})(0x4f7b38aac3f0)}"}
{"time":"2026-06-22T10:53:04.868458+04:00","level":"INFO","msg":"could not connect to phone","module":"go-ios/forward","deviceID":84,"conn":"&net.TCPConn{conn:net.conn{fd:(*net.netFD)(0x4f7b388bf400)}}","error":"Failed connecting to service, error code:3","phonePort":8100}
{"time":"2026-06-22T10:53:04.869876+04:00","level":"INFO","msg":"new client connected","module":"go-ios/forward","deviceID":84,"phonePort":8100,"conn":"&forward.ConnListener{listener:(*net.TCPListener)(0x4f7b3846f0c0), quit:(chan interface {})(0x4f7b38aac3f0)}"}
{"time":"2026-06-22T10:53:04.871466+04:00","level":"INFO","msg":"could not connect to phone","module":"go-ios/forward","deviceID":84,"conn":"&net.TCPConn{conn:net.conn{fd:(*net.netFD)(0x4f7b38978300)}}","error":"Failed connecting to service, error code:3","phonePort":8100}
{"time":"2026-06-22T10:53:05.698674+04:00","level":"INFO","msg":"new client connected","module":"go-ios/forward","deviceID":84,"phonePort":8100,"conn":"&forward.ConnListener{listener:(*net.TCPListener)(0x4f7b3846f0c0), quit:(chan interface {})(0x4f7b38aac3f0)}"}
{"time":"2026-06-22T10:53:05.700343+04:00","level":"INFO","msg":"could not connect to phone","module":"go-ios/forward","deviceID":84,"conn":"&net.TCPConn{conn:net.conn{fd:(*net.netFD)(0x4f7b38978600)}}","error":"Failed connecting to service, error code:3","phonePort":8100}
{"time":"2026-06-22T10:53:05.703625+04:00","level":"INFO","msg":"new client connected","module":"go-ios/forward","deviceID":84,"phonePort":8100,"conn":"&forward.ConnListener{listener:(*net.TCPListener)(0x4f7b3846f0c0), quit:(chan interface {})(0x4f7b38aac3f0)}"}
{"time":"2026-06-22T10:53:05.704948+04:00","level":"INFO","msg":"could not connect to phone","module":"go-ios/forward","deviceID":84,"conn":"&net.TCPConn{conn:net.conn{fd:(*net.netFD)(0x4f7b388bf700)}}","error":"Failed connecting to service, error code:3","phonePort":8100}
{"time":"2026-06-22T10:53:06.374469+04:00","level":"INFO","msg":"new client connected","module":"go-ios/forward","deviceID":84,"phonePort":8100,"conn":"&forward.ConnListener{listener:(*net.TCPListener)(0x4f7b3846f0c0), quit:(chan interface {})(0x4f7b38aac3f0)}"}
{"time":"2026-06-22T10:53:06.37603+04:00","level":"INFO","msg":"could not connect to phone","module":"go-ios/forward","deviceID":84,"conn":"&net.TCPConn{conn:net.conn{fd:(*net.netFD)(0x4f7b38978900)}}","error":"Failed connecting to service, error code:3","phonePort":8100}
{"time":"2026-06-22T10:53:06.376696+04:00","level":"INFO","msg":"new client connected","module":"go-ios/forward","deviceID":84,"phonePort":8100,"conn":"&forward.ConnListener{listener:(*net.TCPListener)(0x4f7b3846f0c0), quit:(chan interface {})(0x4f7b38aac3f0)}"}
{"time":"2026-06-22T10:53:06.377435+04:00","level":"INFO","msg":"could not connect to phone","module":"go-ios/forward","deviceID":84,"conn":"&net.TCPConn{conn:net.conn{fd:(*net.netFD)(0x4f7b38978c00)}}","error":"Failed connecting to service, error code:3","phonePort":8100}
{"time":"2026-06-22T10:53:07.206921+04:00","level":"INFO","msg":"new client connected","module":"go-ios/forward","deviceID":84,"phonePort":8100,"conn":"&forward.ConnListener{listener:(*net.TCPListener)(0x4f7b3846f0c0), quit:(chan interface {})(0x4f7b38aac3f0)}"}
{"time":"2026-06-22T10:53:07.208089+04:00","level":"INFO","msg":"could not connect to phone","module":"go-ios/forward","deviceID":84,"conn":"&net.TCPConn{conn:net.conn{fd:(*net.netFD)(0x4f7b38978f00)}}","error":"Failed connecting to service, error code:3","phonePort":8100}
{"time":"2026-06-22T10:53:07.208778+04:00","level":"INFO","msg":"new client connected","module":"go-ios/forward","deviceID":84,"phonePort":8100,"conn":"&forward.ConnListener{listener:(*net.TCPListener)(0x4f7b3846f0c0), quit:(chan interface {})(0x4f7b38aac3f0)}"}
{"time":"2026-06-22T10:53:07.209596+04:00","level":"INFO","msg":"could not connect to phone","module":"go-ios/forward","deviceID":84,"conn":"&net.TCPConn{conn:net.conn{fd:(*net.netFD)(0x4f7b38979200)}}","error":"Failed connecting to service, error code:3","phonePort":8100}
{"time":"2026-06-22T10:53:07.879026+04:00","level":"INFO","msg":"new client connected","module":"go-ios/forward","deviceID":84,"phonePort":8100,"conn":"&forward.ConnListener{listener:(*net.TCPListener)(0x4f7b3846f0c0), quit:(chan interface {})(0x4f7b38aac3f0)}"}
{"time":"2026-06-22T10:53:07.880458+04:00","level":"INFO","msg":"could not connect to phone","module":"go-ios/forward","deviceID":84,"conn":"&net.TCPConn{conn:net.conn{fd:(*net.netFD)(0x4f7b38979500)}}","error":"Failed connecting to service, error code:3","phonePort":8100}
{"time":"2026-06-22T10:53:07.881433+04:00","level":"INFO","msg":"new client connected","module":"go-ios/forward","deviceID":84,"phonePort":8100,"conn":"&forward.ConnListener{listener:(*net.TCPListener)(0x4f7b3846f0c0), quit:(chan interface {})(0x4f7b38aac3f0)}"}
{"time":"2026-06-22T10:53:07.882602+04:00","level":"INFO","msg":"could not connect to phone","module":"go-ios/forward","deviceID":84,"conn":"&net.TCPConn{conn:net.conn{fd:(*net.netFD)(0x4f7b38979800)}}","error":"Failed connecting to service, error code:3","phonePort":8100}
{"time":"2026-06-22T10:53:08.711128+04:00","level":"INFO","msg":"new client connected","module":"go-ios/forward","deviceID":84,"phonePort":8100,"conn":"&forward.ConnListener{listener:(*net.TCPListener)(0x4f7b3846f0c0), quit:(chan interface {})(0x4f7b38aac3f0)}"}
{"time":"2026-06-22T10:53:08.712581+04:00","level":"INFO","msg":"could not connect to phone","module":"go-ios/forward","deviceID":84,"conn":"&net.TCPConn{conn:net.conn{fd:(*net.netFD)(0x4f7b38979b00)}}","error":"Failed connecting to service, error code:3","phonePort":8100}
{"time":"2026-06-22T10:53:08.713339+04:00","level":"INFO","msg":"new client connected","module":"go-ios/forward","deviceID":84,"phonePort":8100,"conn":"&forward.ConnListener{listener:(*net.TCPListener)(0x4f7b3846f0c0), quit:(chan interface {})(0x4f7b38aac3f0)}"}
{"time":"2026-06-22T10:53:08.714307+04:00","level":"INFO","msg":"could not connect to phone","module":"go-ios/forward","deviceID":84,"conn":"&net.TCPConn{conn:net.conn{fd:(*net.netFD)(0x4f7b38979e00)}}","error":"Failed connecting to service, error code:3","phonePort":8100}
{"time":"2026-06-22T10:53:09.384162+04:00","level":"INFO","msg":"new client connected","module":"go-ios/forward","deviceID":84,"phonePort":8100,"conn":"&forward.ConnListener{listener:(*net.TCPListener)(0x4f7b3846f0c0), quit:(chan interface {})(0x4f7b38aac3f0)}"}
{"time":"2026-06-22T10:53:09.385977+04:00","level":"INFO","msg":"could not connect to phone","module":"go-ios/forward","deviceID":84,"conn":"&net.TCPConn{conn:net.conn{fd:(*net.netFD)(0x4f7b389b0200)}}","error":"Failed connecting to service, error code:3","phonePort":8100}
{"time":"2026-06-22T10:53:09.386641+04:00","level":"INFO","msg":"new client connected","module":"go-ios/forward","deviceID":84,"phonePort":8100,"conn":"&forward.ConnListener{listener:(*net.TCPListener)(0x4f7b3846f0c0), quit:(chan interface {})(0x4f7b38aac3f0)}"}
{"time":"2026-06-22T10:53:09.387354+04:00","level":"INFO","msg":"could not connect to phone","module":"go-ios/forward","deviceID":84,"conn":"&net.TCPConn{conn:net.conn{fd:(*net.netFD)(0x4f7b389b0500)}}","error":"Failed connecting to service, error code:3","phonePort":8100}
{"time":"2026-06-22T10:53:10.217041+04:00","level":"INFO","msg":"new client connected","module":"go-ios/forward","deviceID":84,"phonePort":8100,"conn":"&forward.ConnListener{listener:(*net.TCPListener)(0x4f7b3846f0c0), quit:(chan interface {})(0x4f7b38aac3f0)}"}
{"time":"2026-06-22T10:53:10.219331+04:00","level":"INFO","msg":"could not connect to phone","module":"go-ios/forward","deviceID":84,"conn":"&net.TCPConn{conn:net.conn{fd:(*net.netFD)(0x4f7b388bfa00)}}","error":"Failed connecting to service, error code:3","phonePort":8100}
{"time":"2026-06-22T10:53:10.220642+04:00","level":"INFO","msg":"new client connected","module":"go-ios/forward","deviceID":84,"phonePort":8100,"conn":"&forward.ConnListener{listener:(*net.TCPListener)(0x4f7b3846f0c0), quit:(chan interface {})(0x4f7b38aac3f0)}"}
{"time":"2026-06-22T10:53:10.22172+04:00","level":"INFO","msg":"could not connect to phone","module":"go-ios/forward","deviceID":84,"conn":"&net.TCPConn{conn:net.conn{fd:(*net.netFD)(0x4f7b388bfd00)}}","error":"Failed connecting to service, error code:3","phonePort":8100}
{"time":"2026-06-22T10:53:10.889465+04:00","level":"INFO","msg":"new client connected","module":"go-ios/forward","deviceID":84,"phonePort":8100,"conn":"&forward.ConnListener{listener:(*net.TCPListener)(0x4f7b3846f0c0), quit:(chan interface {})(0x4f7b38aac3f0)}"}
{"time":"2026-06-22T10:53:10.890831+04:00","level":"INFO","msg":"could not connect to phone","module":"go-ios/forward","deviceID":84,"conn":"&net.TCPConn{conn:net.conn{fd:(*net.netFD)(0x4f7b389b0800)}}","error":"Failed connecting to service, error code:3","phonePort":8100}
{"time":"2026-06-22T10:53:10.891766+04:00","level":"INFO","msg":"new client connected","module":"go-ios/forward","deviceID":84,"phonePort":8100,"conn":"&forward.ConnListener{listener:(*net.TCPListener)(0x4f7b3846f0c0), quit:(chan interface {})(0x4f7b38aac3f0)}"}
{"time":"2026-06-22T10:53:10.892926+04:00","level":"INFO","msg":"could not connect to phone","module":"go-ios/forward","deviceID":84,"conn":"&net.TCPConn{conn:net.conn{fd:(*net.netFD)(0x4f7b389b0b00)}}","error":"Failed connecting to service, error code:3","phonePort":8100}
{"time":"2026-06-22T10:53:11.724549+04:00","level":"INFO","msg":"new client connected","module":"go-ios/forward","deviceID":84,"phonePort":8100,"conn":"&forward.ConnListener{listener:(*net.TCPListener)(0x4f7b3846f0c0), quit:(chan interface {})(0x4f7b38aac3f0)}"}
{"time":"2026-06-22T10:53:11.725773+04:00","level":"INFO","msg":"could not connect to phone","module":"go-ios/forward","deviceID":84,"conn":"&net.TCPConn{conn:net.conn{fd:(*net.netFD)(0x4f7b388e6100)}}","error":"Failed connecting to service, error code:3","phonePort":8100}
{"time":"2026-06-22T10:53:11.726692+04:00","level":"INFO","msg":"new client connected","module":"go-ios/forward","deviceID":84,"phonePort":8100,"conn":"&forward.ConnListener{listener:(*net.TCPListener)(0x4f7b3846f0c0), quit:(chan interface {})(0x4f7b38aac3f0)}"}
{"time":"2026-06-22T10:53:11.727633+04:00","level":"INFO","msg":"could not connect to phone","module":"go-ios/forward","deviceID":84,"conn":"&net.TCPConn{conn:net.conn{fd:(*net.netFD)(0x4f7b388e6400)}}","error":"Failed connecting to service, error code:3","phonePort":8100}
{"time":"2026-06-22T10:53:12.396126+04:00","level":"INFO","msg":"new client connected","module":"go-ios/forward","deviceID":84,"phonePort":8100,"conn":"&forward.ConnListener{listener:(*net.TCPListener)(0x4f7b3846f0c0), quit:(chan interface {})(0x4f7b38aac3f0)}"}
{"time":"2026-06-22T10:53:12.397486+04:00","level":"INFO","msg":"could not connect to phone","module":"go-ios/forward","deviceID":84,"conn":"&net.TCPConn{conn:net.conn{fd:(*net.netFD)(0x4f7b388e6700)}}","error":"Failed connecting to service, error code:3","phonePort":8100}
{"time":"2026-06-22T10:53:12.398111+04:00","level":"INFO","msg":"new client connected","module":"go-ios/forward","deviceID":84,"phonePort":8100,"conn":"&forward.ConnListener{listener:(*net.TCPListener)(0x4f7b3846f0c0), quit:(chan interface {})(0x4f7b38aac3f0)}"}
{"time":"2026-06-22T10:53:12.399591+04:00","level":"INFO","msg":"could not connect to phone","module":"go-ios/forward","deviceID":84,"conn":"&net.TCPConn{conn:net.conn{fd:(*net.netFD)(0x4f7b388e6a00)}}","error":"Failed connecting to service, error code:3","phonePort":8100}
{"time":"2026-06-22T10:53:13.228863+04:00","level":"INFO","msg":"new client connected","module":"go-ios/forward","deviceID":84,"phonePort":8100,"conn":"&forward.ConnListener{listener:(*net.TCPListener)(0x4f7b3846f0c0), quit:(chan interface {})(0x4f7b38aac3f0)}"}
{"time":"2026-06-22T10:53:13.230164+04:00","level":"INFO","msg":"could not connect to phone","module":"go-ios/forward","deviceID":84,"conn":"&net.TCPConn{conn:net.conn{fd:(*net.netFD)(0x4f7b388e6d00)}}","error":"Failed connecting to service, error code:3","phonePort":8100}
{"time":"2026-06-22T10:53:13.230818+04:00","level":"INFO","msg":"new client connected","module":"go-ios/forward","deviceID":84,"phonePort":8100,"conn":"&forward.ConnListener{listener:(*net.TCPListener)(0x4f7b3846f0c0), quit:(chan interface {})(0x4f7b38aac3f0)}"}
{"time":"2026-06-22T10:53:13.231573+04:00","level":"INFO","msg":"could not connect to phone","module":"go-ios/forward","deviceID":84,"conn":"&net.TCPConn{conn:net.conn{fd:(*net.netFD)(0x4f7b388e7000)}}","error":"Failed connecting to service, error code:3","phonePort":8100}
{"time":"2026-06-22T10:53:13.900695+04:00","level":"INFO","msg":"new client connected","module":"go-ios/forward","deviceID":84,"phonePort":8100,"conn":"&forward.ConnListener{listener:(*net.TCPListener)(0x4f7b3846f0c0), quit:(chan interface {})(0x4f7b38aac3f0)}"}
{"time":"2026-06-22T10:53:13.90202+04:00","level":"INFO","msg":"could not connect to phone","module":"go-ios/forward","deviceID":84,"conn":"&net.TCPConn{conn:net.conn{fd:(*net.netFD)(0x4f7b388e7300)}}","error":"Failed connecting to service, error code:3","phonePort":8100}
{"time":"2026-06-22T10:53:13.902498+04:00","level":"INFO","msg":"new client connected","module":"go-ios/forward","deviceID":84,"phonePort":8100,"conn":"&forward.ConnListener{listener:(*net.TCPListener)(0x4f7b3846f0c0), quit:(chan interface {})(0x4f7b38aac3f0)}"}
{"time":"2026-06-22T10:53:13.903593+04:00","level":"INFO","msg":"could not connect to phone","module":"go-ios/forward","deviceID":84,"conn":"&net.TCPConn{conn:net.conn{fd:(*net.netFD)(0x4f7b388e7600)}}","error":"Failed connecting to service, error code:3","phonePort":8100}
{"time":"2026-06-22T10:53:14.732675+04:00","level":"INFO","msg":"new client connected","module":"go-ios/forward","deviceID":84,"phonePort":8100,"conn":"&forward.ConnListener{listener:(*net.TCPListener)(0x4f7b3846f0c0), quit:(chan interface {})(0x4f7b38aac3f0)}"}
{"time":"2026-06-22T10:53:14.734594+04:00","level":"INFO","msg":"could not connect to phone","module":"go-ios/forward","deviceID":84,"conn":"&net.TCPConn{conn:net.conn{fd:(*net.netFD)(0x4f7b388e7900)}}","error":"Failed connecting to service, error code:3","phonePort":8100}
{"time":"2026-06-22T10:53:14.735273+04:00","level":"INFO","msg":"new client connected","module":"go-ios/forward","deviceID":84,"phonePort":8100,"conn":"&forward.ConnListener{listener:(*net.TCPListener)(0x4f7b3846f0c0), quit:(chan interface {})(0x4f7b38aac3f0)}"}
{"time":"2026-06-22T10:53:14.736034+04:00","level":"INFO","msg":"could not connect to phone","module":"go-ios/forward","deviceID":84,"conn":"&net.TCPConn{conn:net.conn{fd:(*net.netFD)(0x4f7b388e7c00)}}","error":"Failed connecting to service, error code:3","phonePort":8100}
{"time":"2026-06-22T10:53:15.405334+04:00","level":"INFO","msg":"new client connected","module":"go-ios/forward","deviceID":84,"phonePort":8100,"conn":"&forward.ConnListener{listener:(*net.TCPListener)(0x4f7b3846f0c0), quit:(chan interface {})(0x4f7b38aac3f0)}"}
{"time":"2026-06-22T10:53:15.406545+04:00","level":"INFO","msg":"could not connect to phone","module":"go-ios/forward","deviceID":84,"conn":"&net.TCPConn{conn:net.conn{fd:(*net.netFD)(0x4f7b389b0e00)}}","error":"Failed connecting to service, error code:3","phonePort":8100}
{"time":"2026-06-22T10:53:15.407165+04:00","level":"INFO","msg":"new client connected","module":"go-ios/forward","deviceID":84,"phonePort":8100,"conn":"&forward.ConnListener{listener:(*net.TCPListener)(0x4f7b3846f0c0), quit:(chan interface {})(0x4f7b38aac3f0)}"}
{"time":"2026-06-22T10:53:15.407968+04:00","level":"INFO","msg":"could not connect to phone","module":"go-ios/forward","deviceID":84,"conn":"&net.TCPConn{conn:net.conn{fd:(*net.netFD)(0x4f7b389b1100)}}","error":"Failed connecting to service, error code:3","phonePort":8100}
{"time":"2026-06-22T10:53:16.23852+04:00","level":"INFO","msg":"new client connected","module":"go-ios/forward","deviceID":84,"phonePort":8100,"conn":"&forward.ConnListener{listener:(*net.TCPListener)(0x4f7b3846f0c0), quit:(chan interface {})(0x4f7b38aac3f0)}"}
{"time":"2026-06-22T10:53:16.240182+04:00","level":"INFO","msg":"could not connect to phone","module":"go-ios/forward","deviceID":84,"conn":"&net.TCPConn{conn:net.conn{fd:(*net.netFD)(0x4f7b389b1400)}}","error":"Failed connecting to service, error code:3","phonePort":8100}
{"time":"2026-06-22T10:53:16.240593+04:00","level":"INFO","msg":"new client connected","module":"go-ios/forward","deviceID":84,"phonePort":8100,"conn":"&forward.ConnListener{listener:(*net.TCPListener)(0x4f7b3846f0c0), quit:(chan interface {})(0x4f7b38aac3f0)}"}
{"time":"2026-06-22T10:53:16.241327+04:00","level":"INFO","msg":"could not connect to phone","module":"go-ios/forward","deviceID":84,"conn":"&net.TCPConn{conn:net.conn{fd:(*net.netFD)(0x4f7b389b1700)}}","error":"Failed connecting to service, error code:3","phonePort":8100}
{"time":"2026-06-22T10:53:17.691116+04:00","level":"INFO","msg":"closed listener successfully","module":"go-ios/forward","deviceID":84,"phonePort":8100}
{"time":"2026-06-22T10:53:51.909664+04:00","level":"INFO","msg":"no udid specified using first device in list","module":"go-ios","udid":"00008150-000505D41478401C"}
{"time":"2026-06-22T10:53:51.910396+04:00","level":"INFO","msg":"start listening, forwarding to device","module":"go-ios/forward","udid":"00008150-000505D41478401C","hostPort":12004,"phonePort":8100}
{"time":"2026-06-22T10:53:52.305399+04:00","level":"INFO","msg":"new client connected","module":"go-ios/forward","deviceID":84,"phonePort":8100,"conn":"&forward.ConnListener{listener:(*net.TCPListener)(0x24e2fad79280), quit:(chan interface {})(0x24e2fb13a5b0)}"}
{"time":"2026-06-22T10:53:52.306443+04:00","level":"INFO","msg":"could not connect to phone","module":"go-ios/forward","deviceID":84,"conn":"&net.TCPConn{conn:net.conn{fd:(*net.netFD)(0x24e2fad9a000)}}","error":"Failed connecting to service, error code:3","phonePort":8100}
{"time":"2026-06-22T10:53:52.307606+04:00","level":"INFO","msg":"new client connected","module":"go-ios/forward","deviceID":84,"phonePort":8100,"conn":"&forward.ConnListener{listener:(*net.TCPListener)(0x24e2fad79280), quit:(chan interface {})(0x24e2fb13a5b0)}"}
{"time":"2026-06-22T10:53:52.308313+04:00","level":"INFO","msg":"could not connect to phone","module":"go-ios/forward","deviceID":84,"conn":"&net.TCPConn{conn:net.conn{fd:(*net.netFD)(0x24e2fb33e100)}}","error":"Failed connecting to service, error code:3","phonePort":8100}
{"time":"2026-06-22T10:53:53.188971+04:00","level":"INFO","msg":"new client connected","module":"go-ios/forward","deviceID":84,"phonePort":8100,"conn":"&forward.ConnListener{listener:(*net.TCPListener)(0x24e2fad79280), quit:(chan interface {})(0x24e2fb13a5b0)}"}
{"time":"2026-06-22T10:53:53.190527+04:00","level":"INFO","msg":"could not connect to phone","module":"go-ios/forward","deviceID":84,"conn":"&net.TCPConn{conn:net.conn{fd:(*net.netFD)(0x24e2fb33e400)}}","error":"Failed connecting to service, error code:3","phonePort":8100}
{"time":"2026-06-22T10:53:53.19242+04:00","level":"INFO","msg":"new client connected","module":"go-ios/forward","deviceID":84,"phonePort":8100,"conn":"&forward.ConnListener{listener:(*net.TCPListener)(0x24e2fad79280), quit:(chan interface {})(0x24e2fb13a5b0)}"}
{"time":"2026-06-22T10:53:53.193529+04:00","level":"INFO","msg":"could not connect to phone","module":"go-ios/forward","deviceID":84,"conn":"&net.TCPConn{conn:net.conn{fd:(*net.netFD)(0x24e2fad9a380)}}","error":"Failed connecting to service, error code:3","phonePort":8100}
{"time":"2026-06-22T10:53:53.81021+04:00","level":"INFO","msg":"new client connected","module":"go-ios/forward","deviceID":84,"phonePort":8100,"conn":"&forward.ConnListener{listener:(*net.TCPListener)(0x24e2fad79280), quit:(chan interface {})(0x24e2fb13a5b0)}"}
{"time":"2026-06-22T10:53:53.81115+04:00","level":"INFO","msg":"could not connect to phone","module":"go-ios/forward","deviceID":84,"conn":"&net.TCPConn{conn:net.conn{fd:(*net.netFD)(0x24e2fad9a680)}}","error":"Failed connecting to service, error code:3","phonePort":8100}
{"time":"2026-06-22T10:53:53.811683+04:00","level":"INFO","msg":"new client connected","module":"go-ios/forward","deviceID":84,"phonePort":8100,"conn":"&forward.ConnListener{listener:(*net.TCPListener)(0x24e2fad79280), quit:(chan interface {})(0x24e2fb13a5b0)}"}
{"time":"2026-06-22T10:53:53.812234+04:00","level":"INFO","msg":"could not connect to phone","module":"go-ios/forward","deviceID":84,"conn":"&net.TCPConn{conn:net.conn{fd:(*net.netFD)(0x24e2fad9a980)}}","error":"Failed connecting to service, error code:3","phonePort":8100}
{"time":"2026-06-22T10:53:54.696287+04:00","level":"INFO","msg":"new client connected","module":"go-ios/forward","deviceID":84,"phonePort":8100,"conn":"&forward.ConnListener{listener:(*net.TCPListener)(0x24e2fad79280), quit:(chan interface {})(0x24e2fb13a5b0)}"}
{"time":"2026-06-22T10:53:54.697377+04:00","level":"INFO","msg":"could not connect to phone","module":"go-ios/forward","deviceID":84,"conn":"&net.TCPConn{conn:net.conn{fd:(*net.netFD)(0x24e2fac7f580)}}","error":"Failed connecting to service, error code:3","phonePort":8100}
{"time":"2026-06-22T10:53:54.698277+04:00","level":"INFO","msg":"new client connected","module":"go-ios/forward","deviceID":84,"phonePort":8100,"conn":"&forward.ConnListener{listener:(*net.TCPListener)(0x24e2fad79280), quit:(chan interface {})(0x24e2fb13a5b0)}"}
{"time":"2026-06-22T10:53:54.699014+04:00","level":"INFO","msg":"could not connect to phone","module":"go-ios/forward","deviceID":84,"conn":"&net.TCPConn{conn:net.conn{fd:(*net.netFD)(0x24e2fad9ac80)}}","error":"Failed connecting to service, error code:3","phonePort":8100}
{"time":"2026-06-22T10:53:55.314129+04:00","level":"INFO","msg":"new client connected","module":"go-ios/forward","deviceID":84,"phonePort":8100,"conn":"&forward.ConnListener{listener:(*net.TCPListener)(0x24e2fad79280), quit:(chan interface {})(0x24e2fb13a5b0)}"}
{"time":"2026-06-22T10:53:55.315344+04:00","level":"INFO","msg":"could not connect to phone","module":"go-ios/forward","deviceID":84,"conn":"&net.TCPConn{conn:net.conn{fd:(*net.netFD)(0x24e2fad9af80)}}","error":"Failed connecting to service, error code:3","phonePort":8100}
{"time":"2026-06-22T10:53:55.316544+04:00","level":"INFO","msg":"new client connected","module":"go-ios/forward","deviceID":84,"phonePort":8100,"conn":"&forward.ConnListener{listener:(*net.TCPListener)(0x24e2fad79280), quit:(chan interface {})(0x24e2fb13a5b0)}"}
{"time":"2026-06-22T10:53:55.317467+04:00","level":"INFO","msg":"could not connect to phone","module":"go-ios/forward","deviceID":84,"conn":"&net.TCPConn{conn:net.conn{fd:(*net.netFD)(0x24e2fad9b280)}}","error":"Failed connecting to service, error code:3","phonePort":8100}
{"time":"2026-06-22T10:53:56.200423+04:00","level":"INFO","msg":"new client connected","module":"go-ios/forward","deviceID":84,"phonePort":8100,"conn":"&forward.ConnListener{listener:(*net.TCPListener)(0x24e2fad79280), quit:(chan interface {})(0x24e2fb13a5b0)}"}
{"time":"2026-06-22T10:53:56.201567+04:00","level":"INFO","msg":"could not connect to phone","module":"go-ios/forward","deviceID":84,"conn":"&net.TCPConn{conn:net.conn{fd:(*net.netFD)(0x24e2fad9b580)}}","error":"Failed connecting to service, error code:3","phonePort":8100}
{"time":"2026-06-22T10:53:56.202432+04:00","level":"INFO","msg":"new client connected","module":"go-ios/forward","deviceID":84,"phonePort":8100,"conn":"&forward.ConnListener{listener:(*net.TCPListener)(0x24e2fad79280), quit:(chan interface {})(0x24e2fb13a5b0)}"}
{"time":"2026-06-22T10:53:56.203203+04:00","level":"INFO","msg":"could not connect to phone","module":"go-ios/forward","deviceID":84,"conn":"&net.TCPConn{conn:net.conn{fd:(*net.netFD)(0x24e2fad9b880)}}","error":"Failed connecting to service, error code:3","phonePort":8100}
{"time":"2026-06-22T10:53:56.819822+04:00","level":"INFO","msg":"new client connected","module":"go-ios/forward","deviceID":84,"phonePort":8100,"conn":"&forward.ConnListener{listener:(*net.TCPListener)(0x24e2fad79280), quit:(chan interface {})(0x24e2fb13a5b0)}"}
{"time":"2026-06-22T10:53:56.820845+04:00","level":"INFO","msg":"could not connect to phone","module":"go-ios/forward","deviceID":84,"conn":"&net.TCPConn{conn:net.conn{fd:(*net.netFD)(0x24e2fad9bb80)}}","error":"Failed connecting to service, error code:3","phonePort":8100}
{"time":"2026-06-22T10:53:56.821975+04:00","level":"INFO","msg":"new client connected","module":"go-ios/forward","deviceID":84,"phonePort":8100,"conn":"&forward.ConnListener{listener:(*net.TCPListener)(0x24e2fad79280), quit:(chan interface {})(0x24e2fb13a5b0)}"}
{"time":"2026-06-22T10:53:56.822831+04:00","level":"INFO","msg":"could not connect to phone","module":"go-ios/forward","deviceID":84,"conn":"&net.TCPConn{conn:net.conn{fd:(*net.netFD)(0x24e2fad9be80)}}","error":"Failed connecting to service, error code:3","phonePort":8100}
{"time":"2026-06-22T10:53:57.705286+04:00","level":"INFO","msg":"new client connected","module":"go-ios/forward","deviceID":84,"phonePort":8100,"conn":"&forward.ConnListener{listener:(*net.TCPListener)(0x24e2fad79280), quit:(chan interface {})(0x24e2fb13a5b0)}"}
{"time":"2026-06-22T10:53:57.706551+04:00","level":"INFO","msg":"could not connect to phone","module":"go-ios/forward","deviceID":84,"conn":"&net.TCPConn{conn:net.conn{fd:(*net.netFD)(0x24e2fadfc280)}}","error":"Failed connecting to service, error code:3","phonePort":8100}
{"time":"2026-06-22T10:53:57.707307+04:00","level":"INFO","msg":"new client connected","module":"go-ios/forward","deviceID":84,"phonePort":8100,"conn":"&forward.ConnListener{listener:(*net.TCPListener)(0x24e2fad79280), quit:(chan interface {})(0x24e2fb13a5b0)}"}
{"time":"2026-06-22T10:53:57.707995+04:00","level":"INFO","msg":"could not connect to phone","module":"go-ios/forward","deviceID":84,"conn":"&net.TCPConn{conn:net.conn{fd:(*net.netFD)(0x24e2fac7f880)}}","error":"Failed connecting to service, error code:3","phonePort":8100}
{"time":"2026-06-22T10:53:58.324634+04:00","level":"INFO","msg":"new client connected","module":"go-ios/forward","deviceID":84,"phonePort":8100,"conn":"&forward.ConnListener{listener:(*net.TCPListener)(0x24e2fad79280), quit:(chan interface {})(0x24e2fb13a5b0)}"}
{"time":"2026-06-22T10:53:58.325704+04:00","level":"INFO","msg":"could not connect to phone","module":"go-ios/forward","deviceID":84,"conn":"&net.TCPConn{conn:net.conn{fd:(*net.netFD)(0x24e2fadfc580)}}","error":"Failed connecting to service, error code:3","phonePort":8100}
{"time":"2026-06-22T10:53:58.327044+04:00","level":"INFO","msg":"new client connected","module":"go-ios/forward","deviceID":84,"phonePort":8100,"conn":"&forward.ConnListener{listener:(*net.TCPListener)(0x24e2fad79280), quit:(chan interface {})(0x24e2fb13a5b0)}"}
{"time":"2026-06-22T10:53:58.327893+04:00","level":"INFO","msg":"could not connect to phone","module":"go-ios/forward","deviceID":84,"conn":"&net.TCPConn{conn:net.conn{fd:(*net.netFD)(0x24e2fadfc880)}}","error":"Failed connecting to service, error code:3","phonePort":8100}
{"time":"2026-06-22T10:53:59.209758+04:00","level":"INFO","msg":"new client connected","module":"go-ios/forward","deviceID":84,"phonePort":8100,"conn":"&forward.ConnListener{listener:(*net.TCPListener)(0x24e2fad79280), quit:(chan interface {})(0x24e2fb13a5b0)}"}
{"time":"2026-06-22T10:53:59.210807+04:00","level":"INFO","msg":"could not connect to phone","module":"go-ios/forward","deviceID":84,"conn":"&net.TCPConn{conn:net.conn{fd:(*net.netFD)(0x24e2fadfcb80)}}","error":"Failed connecting to service, error code:3","phonePort":8100}
{"time":"2026-06-22T10:53:59.21162+04:00","level":"INFO","msg":"new client connected","module":"go-ios/forward","deviceID":84,"phonePort":8100,"conn":"&forward.ConnListener{listener:(*net.TCPListener)(0x24e2fad79280), quit:(chan interface {})(0x24e2fb13a5b0)}"}
{"time":"2026-06-22T10:53:59.212447+04:00","level":"INFO","msg":"could not connect to phone","module":"go-ios/forward","deviceID":84,"conn":"&net.TCPConn{conn:net.conn{fd:(*net.netFD)(0x24e2fadfce80)}}","error":"Failed connecting to service, error code:3","phonePort":8100}
{"time":"2026-06-22T10:53:59.830157+04:00","level":"INFO","msg":"new client connected","module":"go-ios/forward","deviceID":84,"phonePort":8100,"conn":"&forward.ConnListener{listener:(*net.TCPListener)(0x24e2fad79280), quit:(chan interface {})(0x24e2fb13a5b0)}"}
{"time":"2026-06-22T10:53:59.831093+04:00","level":"INFO","msg":"could not connect to phone","module":"go-ios/forward","deviceID":84,"conn":"&net.TCPConn{conn:net.conn{fd:(*net.netFD)(0x24e2fadfd180)}}","error":"Failed connecting to service, error code:3","phonePort":8100}
{"time":"2026-06-22T10:53:59.831642+04:00","level":"INFO","msg":"new client connected","module":"go-ios/forward","deviceID":84,"phonePort":8100,"conn":"&forward.ConnListener{listener:(*net.TCPListener)(0x24e2fad79280), quit:(chan interface {})(0x24e2fb13a5b0)}"}
{"time":"2026-06-22T10:53:59.832271+04:00","level":"INFO","msg":"could not connect to phone","module":"go-ios/forward","deviceID":84,"conn":"&net.TCPConn{conn:net.conn{fd:(*net.netFD)(0x24e2fadfd480)}}","error":"Failed connecting to service, error code:3","phonePort":8100}
{"time":"2026-06-22T10:54:00.714247+04:00","level":"INFO","msg":"new client connected","module":"go-ios/forward","deviceID":84,"phonePort":8100,"conn":"&forward.ConnListener{listener:(*net.TCPListener)(0x24e2fad79280), quit:(chan interface {})(0x24e2fb13a5b0)}"}
{"time":"2026-06-22T10:54:00.715196+04:00","level":"INFO","msg":"could not connect to phone","module":"go-ios/forward","deviceID":84,"conn":"&net.TCPConn{conn:net.conn{fd:(*net.netFD)(0x24e2fadfd780)}}","error":"Failed connecting to service, error code:3","phonePort":8100}
{"time":"2026-06-22T10:54:00.715819+04:00","level":"INFO","msg":"new client connected","module":"go-ios/forward","deviceID":84,"phonePort":8100,"conn":"&forward.ConnListener{listener:(*net.TCPListener)(0x24e2fad79280), quit:(chan interface {})(0x24e2fb13a5b0)}"}
{"time":"2026-06-22T10:54:00.716317+04:00","level":"INFO","msg":"could not connect to phone","module":"go-ios/forward","deviceID":84,"conn":"&net.TCPConn{conn:net.conn{fd:(*net.netFD)(0x24e2fadfda80)}}","error":"Failed connecting to service, error code:3","phonePort":8100}
{"time":"2026-06-22T10:54:01.333664+04:00","level":"INFO","msg":"new client connected","module":"go-ios/forward","deviceID":84,"phonePort":8100,"conn":"&forward.ConnListener{listener:(*net.TCPListener)(0x24e2fad79280), quit:(chan interface {})(0x24e2fb13a5b0)}"}
{"time":"2026-06-22T10:54:01.334853+04:00","level":"INFO","msg":"could not connect to phone","module":"go-ios/forward","deviceID":84,"conn":"&net.TCPConn{conn:net.conn{fd:(*net.netFD)(0x24e2fadfdd80)}}","error":"Failed connecting to service, error code:3","phonePort":8100}
{"time":"2026-06-22T10:54:01.335561+04:00","level":"INFO","msg":"new client connected","module":"go-ios/forward","deviceID":84,"phonePort":8100,"conn":"&forward.ConnListener{listener:(*net.TCPListener)(0x24e2fad79280), quit:(chan interface {})(0x24e2fb13a5b0)}"}
{"time":"2026-06-22T10:54:01.336314+04:00","level":"INFO","msg":"could not connect to phone","module":"go-ios/forward","deviceID":84,"conn":"&net.TCPConn{conn:net.conn{fd:(*net.netFD)(0x24e2fae1c180)}}","error":"Failed connecting to service, error code:3","phonePort":8100}
{"time":"2026-06-22T10:54:02.21776+04:00","level":"INFO","msg":"new client connected","module":"go-ios/forward","deviceID":84,"phonePort":8100,"conn":"&forward.ConnListener{listener:(*net.TCPListener)(0x24e2fad79280), quit:(chan interface {})(0x24e2fb13a5b0)}"}
{"time":"2026-06-22T10:54:02.218949+04:00","level":"INFO","msg":"could not connect to phone","module":"go-ios/forward","deviceID":84,"conn":"&net.TCPConn{conn:net.conn{fd:(*net.netFD)(0x24e2fae1c480)}}","error":"Failed connecting to service, error code:3","phonePort":8100}
{"time":"2026-06-22T10:54:02.219933+04:00","level":"INFO","msg":"new client connected","module":"go-ios/forward","deviceID":84,"phonePort":8100,"conn":"&forward.ConnListener{listener:(*net.TCPListener)(0x24e2fad79280), quit:(chan interface {})(0x24e2fb13a5b0)}"}
{"time":"2026-06-22T10:54:02.2211+04:00","level":"INFO","msg":"could not connect to phone","module":"go-ios/forward","deviceID":84,"conn":"&net.TCPConn{conn:net.conn{fd:(*net.netFD)(0x24e2fae1c780)}}","error":"Failed connecting to service, error code:3","phonePort":8100}
{"time":"2026-06-22T10:54:02.839374+04:00","level":"INFO","msg":"new client connected","module":"go-ios/forward","deviceID":84,"phonePort":8100,"conn":"&forward.ConnListener{listener:(*net.TCPListener)(0x24e2fad79280), quit:(chan interface {})(0x24e2fb13a5b0)}"}
{"time":"2026-06-22T10:54:02.842098+04:00","level":"INFO","msg":"could not connect to phone","module":"go-ios/forward","deviceID":84,"conn":"&net.TCPConn{conn:net.conn{fd:(*net.netFD)(0x24e2fac7fb80)}}","error":"Failed connecting to service, error code:3","phonePort":8100}
{"time":"2026-06-22T10:54:02.843833+04:00","level":"INFO","msg":"new client connected","module":"go-ios/forward","deviceID":84,"phonePort":8100,"conn":"&forward.ConnListener{listener:(*net.TCPListener)(0x24e2fad79280), quit:(chan interface {})(0x24e2fb13a5b0)}"}
{"time":"2026-06-22T10:54:02.844821+04:00","level":"INFO","msg":"could not connect to phone","module":"go-ios/forward","deviceID":84,"conn":"&net.TCPConn{conn:net.conn{fd:(*net.netFD)(0x24e2fac7fe80)}}","error":"Failed connecting to service, error code:3","phonePort":8100}
{"time":"2026-06-22T10:54:03.72418+04:00","level":"INFO","msg":"new client connected","module":"go-ios/forward","deviceID":84,"phonePort":8100,"conn":"&forward.ConnListener{listener:(*net.TCPListener)(0x24e2fad79280), quit:(chan interface {})(0x24e2fb13a5b0)}"}
{"time":"2026-06-22T10:54:03.725344+04:00","level":"INFO","msg":"could not connect to phone","module":"go-ios/forward","deviceID":84,"conn":"&net.TCPConn{conn:net.conn{fd:(*net.netFD)(0x24e2fae8a280)}}","error":"Failed connecting to service, error code:3","phonePort":8100}
{"time":"2026-06-22T10:54:03.726347+04:00","level":"INFO","msg":"new client connected","module":"go-ios/forward","deviceID":84,"phonePort":8100,"conn":"&forward.ConnListener{listener:(*net.TCPListener)(0x24e2fad79280), quit:(chan interface {})(0x24e2fb13a5b0)}"}
{"time":"2026-06-22T10:54:03.727289+04:00","level":"INFO","msg":"could not connect to phone","module":"go-ios/forward","deviceID":84,"conn":"&net.TCPConn{conn:net.conn{fd:(*net.netFD)(0x24e2fae1ca80)}}","error":"Failed connecting to service, error code:3","phonePort":8100}
{"time":"2026-06-22T10:54:04.346339+04:00","level":"INFO","msg":"new client connected","module":"go-ios/forward","deviceID":84,"phonePort":8100,"conn":"&forward.ConnListener{listener:(*net.TCPListener)(0x24e2fad79280), quit:(chan interface {})(0x24e2fb13a5b0)}"}
{"time":"2026-06-22T10:54:04.347656+04:00","level":"INFO","msg":"could not connect to phone","module":"go-ios/forward","deviceID":84,"conn":"&net.TCPConn{conn:net.conn{fd:(*net.netFD)(0x24e2fae1cd80)}}","error":"Failed connecting to service, error code:3","phonePort":8100}
{"time":"2026-06-22T10:54:04.348332+04:00","level":"INFO","msg":"new client connected","module":"go-ios/forward","deviceID":84,"phonePort":8100,"conn":"&forward.ConnListener{listener:(*net.TCPListener)(0x24e2fad79280), quit:(chan interface {})(0x24e2fb13a5b0)}"}
{"time":"2026-06-22T10:54:04.349078+04:00","level":"INFO","msg":"could not connect to phone","module":"go-ios/forward","deviceID":84,"conn":"&net.TCPConn{conn:net.conn{fd:(*net.netFD)(0x24e2fae1d080)}}","error":"Failed connecting to service, error code:3","phonePort":8100}
{"time":"2026-06-22T10:54:05.229295+04:00","level":"INFO","msg":"new client connected","module":"go-ios/forward","deviceID":84,"phonePort":8100,"conn":"&forward.ConnListener{listener:(*net.TCPListener)(0x24e2fad79280), quit:(chan interface {})(0x24e2fb13a5b0)}"}
{"time":"2026-06-22T10:54:05.230388+04:00","level":"INFO","msg":"could not connect to phone","module":"go-ios/forward","deviceID":84,"conn":"&net.TCPConn{conn:net.conn{fd:(*net.netFD)(0x24e2fae1d380)}}","error":"Failed connecting to service, error code:3","phonePort":8100}
{"time":"2026-06-22T10:54:05.230977+04:00","level":"INFO","msg":"new client connected","module":"go-ios/forward","deviceID":84,"phonePort":8100,"conn":"&forward.ConnListener{listener:(*net.TCPListener)(0x24e2fad79280), quit:(chan interface {})(0x24e2fb13a5b0)}"}
{"time":"2026-06-22T10:54:05.231616+04:00","level":"INFO","msg":"could not connect to phone","module":"go-ios/forward","deviceID":84,"conn":"&net.TCPConn{conn:net.conn{fd:(*net.netFD)(0x24e2fae1d680)}}","error":"Failed connecting to service, error code:3","phonePort":8100}
{"time":"2026-06-22T10:54:05.850206+04:00","level":"INFO","msg":"new client connected","module":"go-ios/forward","deviceID":84,"phonePort":8100,"conn":"&forward.ConnListener{listener:(*net.TCPListener)(0x24e2fad79280), quit:(chan interface {})(0x24e2fb13a5b0)}"}
{"time":"2026-06-22T10:54:05.851264+04:00","level":"INFO","msg":"could not connect to phone","module":"go-ios/forward","deviceID":84,"conn":"&net.TCPConn{conn:net.conn{fd:(*net.netFD)(0x24e2fae1d980)}}","error":"Failed connecting to service, error code:3","phonePort":8100}
{"time":"2026-06-22T10:54:05.852031+04:00","level":"INFO","msg":"new client connected","module":"go-ios/forward","deviceID":84,"phonePort":8100,"conn":"&forward.ConnListener{listener:(*net.TCPListener)(0x24e2fad79280), quit:(chan interface {})(0x24e2fb13a5b0)}"}
{"time":"2026-06-22T10:54:05.852874+04:00","level":"INFO","msg":"could not connect to phone","module":"go-ios/forward","deviceID":84,"conn":"&net.TCPConn{conn:net.conn{fd:(*net.netFD)(0x24e2fae1dc80)}}","error":"Failed connecting to service, error code:3","phonePort":8100}
{"time":"2026-06-22T10:54:06.733911+04:00","level":"INFO","msg":"new client connected","module":"go-ios/forward","deviceID":84,"phonePort":8100,"conn":"&forward.ConnListener{listener:(*net.TCPListener)(0x24e2fad79280), quit:(chan interface {})(0x24e2fb13a5b0)}"}
{"time":"2026-06-22T10:54:06.735094+04:00","level":"INFO","msg":"could not connect to phone","module":"go-ios/forward","deviceID":84,"conn":"&net.TCPConn{conn:net.conn{fd:(*net.netFD)(0x24e2fae8a580)}}","error":"Failed connecting to service, error code:3","phonePort":8100}
{"time":"2026-06-22T10:54:06.736362+04:00","level":"INFO","msg":"new client connected","module":"go-ios/forward","deviceID":84,"phonePort":8100,"conn":"&forward.ConnListener{listener:(*net.TCPListener)(0x24e2fad79280), quit:(chan interface {})(0x24e2fb13a5b0)}"}
{"time":"2026-06-22T10:54:06.737157+04:00","level":"INFO","msg":"could not connect to phone","module":"go-ios/forward","deviceID":84,"conn":"&net.TCPConn{conn:net.conn{fd:(*net.netFD)(0x24e2fae40280)}}","error":"Failed connecting to service, error code:3","phonePort":8100}
{"time":"2026-06-22T10:54:07.3547+04:00","level":"INFO","msg":"new client connected","module":"go-ios/forward","deviceID":84,"phonePort":8100,"conn":"&forward.ConnListener{listener:(*net.TCPListener)(0x24e2fad79280), quit:(chan interface {})(0x24e2fb13a5b0)}"}
{"time":"2026-06-22T10:54:07.356117+04:00","level":"INFO","msg":"could not connect to phone","module":"go-ios/forward","deviceID":84,"conn":"&net.TCPConn{conn:net.conn{fd:(*net.netFD)(0x24e2fae40580)}}","error":"Failed connecting to service, error code:3","phonePort":8100}
{"time":"2026-06-22T10:54:07.357147+04:00","level":"INFO","msg":"new client connected","module":"go-ios/forward","deviceID":84,"phonePort":8100,"conn":"&forward.ConnListener{listener:(*net.TCPListener)(0x24e2fad79280), quit:(chan interface {})(0x24e2fb13a5b0)}"}
{"time":"2026-06-22T10:54:07.357951+04:00","level":"INFO","msg":"could not connect to phone","module":"go-ios/forward","deviceID":84,"conn":"&net.TCPConn{conn:net.conn{fd:(*net.netFD)(0x24e2fae40880)}}","error":"Failed connecting to service, error code:3","phonePort":8100}
{"time":"2026-06-22T10:54:08.238941+04:00","level":"INFO","msg":"new client connected","module":"go-ios/forward","deviceID":84,"phonePort":8100,"conn":"&forward.ConnListener{listener:(*net.TCPListener)(0x24e2fad79280), quit:(chan interface {})(0x24e2fb13a5b0)}"}
{"time":"2026-06-22T10:54:08.240242+04:00","level":"INFO","msg":"could not connect to phone","module":"go-ios/forward","deviceID":84,"conn":"&net.TCPConn{conn:net.conn{fd:(*net.netFD)(0x24e2fae40b80)}}","error":"Failed connecting to service, error code:3","phonePort":8100}
{"time":"2026-06-22T10:54:08.240955+04:00","level":"INFO","msg":"new client connected","module":"go-ios/forward","deviceID":84,"phonePort":8100,"conn":"&forward.ConnListener{listener:(*net.TCPListener)(0x24e2fad79280), quit:(chan interface {})(0x24e2fb13a5b0)}"}
{"time":"2026-06-22T10:54:08.241752+04:00","level":"INFO","msg":"could not connect to phone","module":"go-ios/forward","deviceID":84,"conn":"&net.TCPConn{conn:net.conn{fd:(*net.netFD)(0x24e2fae40e80)}}","error":"Failed connecting to service, error code:3","phonePort":8100}
{"time":"2026-06-22T10:54:08.859788+04:00","level":"INFO","msg":"new client connected","module":"go-ios/forward","deviceID":84,"phonePort":8100,"conn":"&forward.ConnListener{listener:(*net.TCPListener)(0x24e2fad79280), quit:(chan interface {})(0x24e2fb13a5b0)}"}
{"time":"2026-06-22T10:54:08.86087+04:00","level":"INFO","msg":"could not connect to phone","module":"go-ios/forward","deviceID":84,"conn":"&net.TCPConn{conn:net.conn{fd:(*net.netFD)(0x24e2fae41180)}}","error":"Failed connecting to service, error code:3","phonePort":8100}
{"time":"2026-06-22T10:54:08.861605+04:00","level":"INFO","msg":"new client connected","module":"go-ios/forward","deviceID":84,"phonePort":8100,"conn":"&forward.ConnListener{listener:(*net.TCPListener)(0x24e2fad79280), quit:(chan interface {})(0x24e2fb13a5b0)}"}
{"time":"2026-06-22T10:54:08.862237+04:00","level":"INFO","msg":"could not connect to phone","module":"go-ios/forward","deviceID":84,"conn":"&net.TCPConn{conn:net.conn{fd:(*net.netFD)(0x24e2fae41480)}}","error":"Failed connecting to service, error code:3","phonePort":8100}
{"time":"2026-06-22T10:54:09.820595+04:00","level":"INFO","msg":"new client connected","module":"go-ios/forward","deviceID":84,"phonePort":8100,"conn":"&forward.ConnListener{listener:(*net.TCPListener)(0x24e2fad79280), quit:(chan interface {})(0x24e2fb13a5b0)}"}
{"time":"2026-06-22T10:54:09.822576+04:00","level":"INFO","msg":"could not connect to phone","module":"go-ios/forward","deviceID":84,"conn":"&net.TCPConn{conn:net.conn{fd:(*net.netFD)(0x24e2fae41780)}}","error":"Failed connecting to service, error code:3","phonePort":8100}
{"time":"2026-06-22T10:54:09.829675+04:00","level":"INFO","msg":"new client connected","module":"go-ios/forward","deviceID":84,"phonePort":8100,"conn":"&forward.ConnListener{listener:(*net.TCPListener)(0x24e2fad79280), quit:(chan interface {})(0x24e2fb13a5b0)}"}
{"time":"2026-06-22T10:54:09.831489+04:00","level":"INFO","msg":"could not connect to phone","module":"go-ios/forward","deviceID":84,"conn":"&net.TCPConn{conn:net.conn{fd:(*net.netFD)(0x24e2fb33e700)}}","error":"Failed connecting to service, error code:3","phonePort":8100}
{"time":"2026-06-22T10:54:10.364109+04:00","level":"INFO","msg":"new client connected","module":"go-ios/forward","deviceID":84,"phonePort":8100,"conn":"&forward.ConnListener{listener:(*net.TCPListener)(0x24e2fad79280), quit:(chan interface {})(0x24e2fb13a5b0)}"}
{"time":"2026-06-22T10:54:10.365198+04:00","level":"INFO","msg":"could not connect to phone","module":"go-ios/forward","deviceID":84,"conn":"&net.TCPConn{conn:net.conn{fd:(*net.netFD)(0x24e2fb33ea00)}}","error":"Failed connecting to service, error code:3","phonePort":8100}
{"time":"2026-06-22T10:54:10.365929+04:00","level":"INFO","msg":"new client connected","module":"go-ios/forward","deviceID":84,"phonePort":8100,"conn":"&forward.ConnListener{listener:(*net.TCPListener)(0x24e2fad79280), quit:(chan interface {})(0x24e2fb13a5b0)}"}
{"time":"2026-06-22T10:54:10.366667+04:00","level":"INFO","msg":"could not connect to phone","module":"go-ios/forward","deviceID":84,"conn":"&net.TCPConn{conn:net.conn{fd:(*net.netFD)(0x24e2fb33ed00)}}","error":"Failed connecting to service, error code:3","phonePort":8100}
{"time":"2026-06-22T10:54:11.334417+04:00","level":"INFO","msg":"new client connected","module":"go-ios/forward","deviceID":84,"phonePort":8100,"conn":"&forward.ConnListener{listener:(*net.TCPListener)(0x24e2fad79280), quit:(chan interface {})(0x24e2fb13a5b0)}"}
{"time":"2026-06-22T10:54:11.335643+04:00","level":"INFO","msg":"could not connect to phone","module":"go-ios/forward","deviceID":84,"conn":"&net.TCPConn{conn:net.conn{fd:(*net.netFD)(0x24e2fb33f000)}}","error":"Failed connecting to service, error code:3","phonePort":8100}
{"time":"2026-06-22T10:54:11.33663+04:00","level":"INFO","msg":"new client connected","module":"go-ios/forward","deviceID":84,"phonePort":8100,"conn":"&forward.ConnListener{listener:(*net.TCPListener)(0x24e2fad79280), quit:(chan interface {})(0x24e2fb13a5b0)}"}
{"time":"2026-06-22T10:54:11.337515+04:00","level":"INFO","msg":"could not connect to phone","module":"go-ios/forward","deviceID":84,"conn":"&net.TCPConn{conn:net.conn{fd:(*net.netFD)(0x24e2fb33f300)}}","error":"Failed connecting to service, error code:3","phonePort":8100}
{"time":"2026-06-22T10:54:11.869643+04:00","level":"INFO","msg":"new client connected","module":"go-ios/forward","deviceID":84,"phonePort":8100,"conn":"&forward.ConnListener{listener:(*net.TCPListener)(0x24e2fad79280), quit:(chan interface {})(0x24e2fb13a5b0)}"}
{"time":"2026-06-22T10:54:11.871463+04:00","level":"INFO","msg":"could not connect to phone","module":"go-ios/forward","deviceID":84,"conn":"&net.TCPConn{conn:net.conn{fd:(*net.netFD)(0x24e2fb33f600)}}","error":"Failed connecting to service, error code:3","phonePort":8100}
{"time":"2026-06-22T10:54:11.874354+04:00","level":"INFO","msg":"new client connected","module":"go-ios/forward","deviceID":84,"phonePort":8100,"conn":"&forward.ConnListener{listener:(*net.TCPListener)(0x24e2fad79280), quit:(chan interface {})(0x24e2fb13a5b0)}"}
{"time":"2026-06-22T10:54:11.876633+04:00","level":"INFO","msg":"could not connect to phone","module":"go-ios/forward","deviceID":84,"conn":"&net.TCPConn{conn:net.conn{fd:(*net.netFD)(0x24e2fae41a80)}}","error":"Failed connecting to service, error code:3","phonePort":8100}
{"time":"2026-06-22T10:54:12.840049+04:00","level":"INFO","msg":"new client connected","module":"go-ios/forward","deviceID":84,"phonePort":8100,"conn":"&forward.ConnListener{listener:(*net.TCPListener)(0x24e2fad79280), quit:(chan interface {})(0x24e2fb13a5b0)}"}
{"time":"2026-06-22T10:54:12.841685+04:00","level":"INFO","msg":"could not connect to phone","module":"go-ios/forward","deviceID":84,"conn":"&net.TCPConn{conn:net.conn{fd:(*net.netFD)(0x24e2fae41d80)}}","error":"Failed connecting to service, error code:3","phonePort":8100}
{"time":"2026-06-22T10:54:12.843259+04:00","level":"INFO","msg":"new client connected","module":"go-ios/forward","deviceID":84,"phonePort":8100,"conn":"&forward.ConnListener{listener:(*net.TCPListener)(0x24e2fad79280), quit:(chan interface {})(0x24e2fb13a5b0)}"}
{"time":"2026-06-22T10:54:12.844212+04:00","level":"INFO","msg":"could not connect to phone","module":"go-ios/forward","deviceID":84,"conn":"&net.TCPConn{conn:net.conn{fd:(*net.netFD)(0x24e2fae64180)}}","error":"Failed connecting to service, error code:3","phonePort":8100}
{"time":"2026-06-22T10:54:13.382922+04:00","level":"INFO","msg":"new client connected","module":"go-ios/forward","deviceID":84,"phonePort":8100,"conn":"&forward.ConnListener{listener:(*net.TCPListener)(0x24e2fad79280), quit:(chan interface {})(0x24e2fb13a5b0)}"}
{"time":"2026-06-22T10:54:13.384709+04:00","level":"INFO","msg":"could not connect to phone","module":"go-ios/forward","deviceID":84,"conn":"&net.TCPConn{conn:net.conn{fd:(*net.netFD)(0x24e2fb33f900)}}","error":"Failed connecting to service, error code:3","phonePort":8100}
{"time":"2026-06-22T10:54:13.385868+04:00","level":"INFO","msg":"new client connected","module":"go-ios/forward","deviceID":84,"phonePort":8100,"conn":"&forward.ConnListener{listener:(*net.TCPListener)(0x24e2fad79280), quit:(chan interface {})(0x24e2fb13a5b0)}"}
{"time":"2026-06-22T10:54:13.386706+04:00","level":"INFO","msg":"could not connect to phone","module":"go-ios/forward","deviceID":84,"conn":"&net.TCPConn{conn:net.conn{fd:(*net.netFD)(0x24e2fb33fc00)}}","error":"Failed connecting to service, error code:3","phonePort":8100}
{"time":"2026-06-22T10:54:14.368717+04:00","level":"INFO","msg":"new client connected","module":"go-ios/forward","deviceID":84,"phonePort":8100,"conn":"&forward.ConnListener{listener:(*net.TCPListener)(0x24e2fad79280), quit:(chan interface {})(0x24e2fb13a5b0)}"}
{"time":"2026-06-22T10:54:14.374286+04:00","level":"INFO","msg":"could not connect to phone","module":"go-ios/forward","deviceID":84,"conn":"&net.TCPConn{conn:net.conn{fd:(*net.netFD)(0x24e2fb36e000)}}","error":"Failed connecting to service, error code:3","phonePort":8100}
{"time":"2026-06-22T10:54:14.378799+04:00","level":"INFO","msg":"new client connected","module":"go-ios/forward","deviceID":84,"phonePort":8100,"conn":"&forward.ConnListener{listener:(*net.TCPListener)(0x24e2fad79280), quit:(chan interface {})(0x24e2fb13a5b0)}"}
{"time":"2026-06-22T10:54:14.38+04:00","level":"INFO","msg":"could not connect to phone","module":"go-ios/forward","deviceID":84,"conn":"&net.TCPConn{conn:net.conn{fd:(*net.netFD)(0x24e2fae64480)}}","error":"Failed connecting to service, error code:3","phonePort":8100}
{"time":"2026-06-22T10:54:14.895454+04:00","level":"INFO","msg":"new client connected","module":"go-ios/forward","deviceID":84,"phonePort":8100,"conn":"&forward.ConnListener{listener:(*net.TCPListener)(0x24e2fad79280), quit:(chan interface {})(0x24e2fb13a5b0)}"}
{"time":"2026-06-22T10:54:14.896752+04:00","level":"INFO","msg":"could not connect to phone","module":"go-ios/forward","deviceID":84,"conn":"&net.TCPConn{conn:net.conn{fd:(*net.netFD)(0x24e2fb36e300)}}","error":"Failed connecting to service, error code:3","phonePort":8100}
{"time":"2026-06-22T10:54:14.89842+04:00","level":"INFO","msg":"new client connected","module":"go-ios/forward","deviceID":84,"phonePort":8100,"conn":"&forward.ConnListener{listener:(*net.TCPListener)(0x24e2fad79280), quit:(chan interface {})(0x24e2fb13a5b0)}"}
{"time":"2026-06-22T10:54:14.899446+04:00","level":"INFO","msg":"could not connect to phone","module":"go-ios/forward","deviceID":84,"conn":"&net.TCPConn{conn:net.conn{fd:(*net.netFD)(0x24e2fb36e600)}}","error":"Failed connecting to service, error code:3","phonePort":8100}
{"time":"2026-06-22T10:54:15.883742+04:00","level":"INFO","msg":"new client connected","module":"go-ios/forward","deviceID":84,"phonePort":8100,"conn":"&forward.ConnListener{listener:(*net.TCPListener)(0x24e2fad79280), quit:(chan interface {})(0x24e2fb13a5b0)}"}
{"time":"2026-06-22T10:54:15.885067+04:00","level":"INFO","msg":"could not connect to phone","module":"go-ios/forward","deviceID":84,"conn":"&net.TCPConn{conn:net.conn{fd:(*net.netFD)(0x24e2fb36e900)}}","error":"Failed connecting to service, error code:3","phonePort":8100}
{"time":"2026-06-22T10:54:15.885962+04:00","level":"INFO","msg":"new client connected","module":"go-ios/forward","deviceID":84,"phonePort":8100,"conn":"&forward.ConnListener{listener:(*net.TCPListener)(0x24e2fad79280), quit:(chan interface {})(0x24e2fb13a5b0)}"}
{"time":"2026-06-22T10:54:15.886758+04:00","level":"INFO","msg":"could not connect to phone","module":"go-ios/forward","deviceID":84,"conn":"&net.TCPConn{conn:net.conn{fd:(*net.netFD)(0x24e2fb36ec00)}}","error":"Failed connecting to service, error code:3","phonePort":8100}
{"time":"2026-06-22T10:54:16.401639+04:00","level":"INFO","msg":"new client connected","module":"go-ios/forward","deviceID":84,"phonePort":8100,"conn":"&forward.ConnListener{listener:(*net.TCPListener)(0x24e2fad79280), quit:(chan interface {})(0x24e2fb13a5b0)}"}
{"time":"2026-06-22T10:54:16.402784+04:00","level":"INFO","msg":"could not connect to phone","module":"go-ios/forward","deviceID":84,"conn":"&net.TCPConn{conn:net.conn{fd:(*net.netFD)(0x24e2fb36ef00)}}","error":"Failed connecting to service, error code:3","phonePort":8100}
{"time":"2026-06-22T10:54:16.403334+04:00","level":"INFO","msg":"new client connected","module":"go-ios/forward","deviceID":84,"phonePort":8100,"conn":"&forward.ConnListener{listener:(*net.TCPListener)(0x24e2fad79280), quit:(chan interface {})(0x24e2fb13a5b0)}"}
{"time":"2026-06-22T10:54:16.403913+04:00","level":"INFO","msg":"could not connect to phone","module":"go-ios/forward","deviceID":84,"conn":"&net.TCPConn{conn:net.conn{fd:(*net.netFD)(0x24e2fb36f200)}}","error":"Failed connecting to service, error code:3","phonePort":8100}
{"time":"2026-06-22T10:54:17.38856+04:00","level":"INFO","msg":"new client connected","module":"go-ios/forward","deviceID":84,"phonePort":8100,"conn":"&forward.ConnListener{listener:(*net.TCPListener)(0x24e2fad79280), quit:(chan interface {})(0x24e2fb13a5b0)}"}
{"time":"2026-06-22T10:54:17.389669+04:00","level":"INFO","msg":"could not connect to phone","module":"go-ios/forward","deviceID":84,"conn":"&net.TCPConn{conn:net.conn{fd:(*net.netFD)(0x24e2fb36f500)}}","error":"Failed connecting to service, error code:3","phonePort":8100}
{"time":"2026-06-22T10:54:17.390496+04:00","level":"INFO","msg":"new client connected","module":"go-ios/forward","deviceID":84,"phonePort":8100,"conn":"&forward.ConnListener{listener:(*net.TCPListener)(0x24e2fad79280), quit:(chan interface {})(0x24e2fb13a5b0)}"}
{"time":"2026-06-22T10:54:17.391056+04:00","level":"INFO","msg":"could not connect to phone","module":"go-ios/forward","deviceID":84,"conn":"&net.TCPConn{conn:net.conn{fd:(*net.netFD)(0x24e2fb36f800)}}","error":"Failed connecting to service, error code:3","phonePort":8100}
{"time":"2026-06-22T10:54:17.905558+04:00","level":"INFO","msg":"new client connected","module":"go-ios/forward","deviceID":84,"phonePort":8100,"conn":"&forward.ConnListener{listener:(*net.TCPListener)(0x24e2fad79280), quit:(chan interface {})(0x24e2fb13a5b0)}"}
{"time":"2026-06-22T10:54:17.906787+04:00","level":"INFO","msg":"could not connect to phone","module":"go-ios/forward","deviceID":84,"conn":"&net.TCPConn{conn:net.conn{fd:(*net.netFD)(0x24e2fb36fb00)}}","error":"Failed connecting to service, error code:3","phonePort":8100}
{"time":"2026-06-22T10:54:17.907549+04:00","level":"INFO","msg":"new client connected","module":"go-ios/forward","deviceID":84,"phonePort":8100,"conn":"&forward.ConnListener{listener:(*net.TCPListener)(0x24e2fad79280), quit:(chan interface {})(0x24e2fb13a5b0)}"}
{"time":"2026-06-22T10:54:17.908408+04:00","level":"INFO","msg":"could not connect to phone","module":"go-ios/forward","deviceID":84,"conn":"&net.TCPConn{conn:net.conn{fd:(*net.netFD)(0x24e2fb36fe00)}}","error":"Failed connecting to service, error code:3","phonePort":8100}
{"time":"2026-06-22T10:54:18.891853+04:00","level":"INFO","msg":"new client connected","module":"go-ios/forward","deviceID":84,"phonePort":8100,"conn":"&forward.ConnListener{listener:(*net.TCPListener)(0x24e2fad79280), quit:(chan interface {})(0x24e2fb13a5b0)}"}
{"time":"2026-06-22T10:54:18.893503+04:00","level":"INFO","msg":"could not connect to phone","module":"go-ios/forward","deviceID":84,"conn":"&net.TCPConn{conn:net.conn{fd:(*net.netFD)(0x24e2fae64780)}}","error":"Failed connecting to service, error code:3","phonePort":8100}
{"time":"2026-06-22T10:54:18.894232+04:00","level":"INFO","msg":"new client connected","module":"go-ios/forward","deviceID":84,"phonePort":8100,"conn":"&forward.ConnListener{listener:(*net.TCPListener)(0x24e2fad79280), quit:(chan interface {})(0x24e2fb13a5b0)}"}
{"time":"2026-06-22T10:54:18.894969+04:00","level":"INFO","msg":"could not connect to phone","module":"go-ios/forward","deviceID":84,"conn":"&net.TCPConn{conn:net.conn{fd:(*net.netFD)(0x24e2fae64a80)}}","error":"Failed connecting to service, error code:3","phonePort":8100}
{"time":"2026-06-22T10:54:19.411177+04:00","level":"INFO","msg":"new client connected","module":"go-ios/forward","deviceID":84,"phonePort":8100,"conn":"&forward.ConnListener{listener:(*net.TCPListener)(0x24e2fad79280), quit:(chan interface {})(0x24e2fb13a5b0)}"}
{"time":"2026-06-22T10:54:19.412513+04:00","level":"INFO","msg":"could not connect to phone","module":"go-ios/forward","deviceID":84,"conn":"&net.TCPConn{conn:net.conn{fd:(*net.netFD)(0x24e2fae64d80)}}","error":"Failed connecting to service, error code:3","phonePort":8100}
{"time":"2026-06-22T10:54:19.413585+04:00","level":"INFO","msg":"new client connected","module":"go-ios/forward","deviceID":84,"phonePort":8100,"conn":"&forward.ConnListener{listener:(*net.TCPListener)(0x24e2fad79280), quit:(chan interface {})(0x24e2fb13a5b0)}"}
{"time":"2026-06-22T10:54:19.414469+04:00","level":"INFO","msg":"could not connect to phone","module":"go-ios/forward","deviceID":84,"conn":"&net.TCPConn{conn:net.conn{fd:(*net.netFD)(0x24e2faf0e200)}}","error":"Failed connecting to service, error code:3","phonePort":8100}
{"time":"2026-06-22T10:54:20.396037+04:00","level":"INFO","msg":"new client connected","module":"go-ios/forward","deviceID":84,"phonePort":8100,"conn":"&forward.ConnListener{listener:(*net.TCPListener)(0x24e2fad79280), quit:(chan interface {})(0x24e2fb13a5b0)}"}
{"time":"2026-06-22T10:54:20.397098+04:00","level":"INFO","msg":"could not connect to phone","module":"go-ios/forward","deviceID":84,"conn":"&net.TCPConn{conn:net.conn{fd:(*net.netFD)(0x24e2fae65080)}}","error":"Failed connecting to service, error code:3","phonePort":8100}
{"time":"2026-06-22T10:54:20.39791+04:00","level":"INFO","msg":"new client connected","module":"go-ios/forward","deviceID":84,"phonePort":8100,"conn":"&forward.ConnListener{listener:(*net.TCPListener)(0x24e2fad79280), quit:(chan interface {})(0x24e2fb13a5b0)}"}
{"time":"2026-06-22T10:54:20.398556+04:00","level":"INFO","msg":"could not connect to phone","module":"go-ios/forward","deviceID":84,"conn":"&net.TCPConn{conn:net.conn{fd:(*net.netFD)(0x24e2fae65380)}}","error":"Failed connecting to service, error code:3","phonePort":8100}
{"time":"2026-06-22T10:54:20.915993+04:00","level":"INFO","msg":"new client connected","module":"go-ios/forward","deviceID":84,"phonePort":8100,"conn":"&forward.ConnListener{listener:(*net.TCPListener)(0x24e2fad79280), quit:(chan interface {})(0x24e2fb13a5b0)}"}
{"time":"2026-06-22T10:54:20.917164+04:00","level":"INFO","msg":"could not connect to phone","module":"go-ios/forward","deviceID":84,"conn":"&net.TCPConn{conn:net.conn{fd:(*net.netFD)(0x24e2faf0e500)}}","error":"Failed connecting to service, error code:3","phonePort":8100}
{"time":"2026-06-22T10:54:20.918126+04:00","level":"INFO","msg":"new client connected","module":"go-ios/forward","deviceID":84,"phonePort":8100,"conn":"&forward.ConnListener{listener:(*net.TCPListener)(0x24e2fad79280), quit:(chan interface {})(0x24e2fb13a5b0)}"}
{"time":"2026-06-22T10:54:20.918847+04:00","level":"INFO","msg":"could not connect to phone","module":"go-ios/forward","deviceID":84,"conn":"&net.TCPConn{conn:net.conn{fd:(*net.netFD)(0x24e2faf0e800)}}","error":"Failed connecting to service, error code:3","phonePort":8100}
{"time":"2026-06-22T10:54:21.900706+04:00","level":"INFO","msg":"new client connected","module":"go-ios/forward","deviceID":84,"phonePort":8100,"conn":"&forward.ConnListener{listener:(*net.TCPListener)(0x24e2fad79280), quit:(chan interface {})(0x24e2fb13a5b0)}"}
{"time":"2026-06-22T10:54:21.901838+04:00","level":"INFO","msg":"could not connect to phone","module":"go-ios/forward","deviceID":84,"conn":"&net.TCPConn{conn:net.conn{fd:(*net.netFD)(0x24e2faf0eb00)}}","error":"Failed connecting to service, error code:3","phonePort":8100}
{"time":"2026-06-22T10:54:21.902371+04:00","level":"INFO","msg":"new client connected","module":"go-ios/forward","deviceID":84,"phonePort":8100,"conn":"&forward.ConnListener{listener:(*net.TCPListener)(0x24e2fad79280), quit:(chan interface {})(0x24e2fb13a5b0)}"}
{"time":"2026-06-22T10:54:21.902943+04:00","level":"INFO","msg":"could not connect to phone","module":"go-ios/forward","deviceID":84,"conn":"&net.TCPConn{conn:net.conn{fd:(*net.netFD)(0x24e2faf0ee00)}}","error":"Failed connecting to service, error code:3","phonePort":8100}
{"time":"2026-06-22T10:54:22.420223+04:00","level":"INFO","msg":"new client connected","module":"go-ios/forward","deviceID":84,"phonePort":8100,"conn":"&forward.ConnListener{listener:(*net.TCPListener)(0x24e2fad79280), quit:(chan interface {})(0x24e2fb13a5b0)}"}
{"time":"2026-06-22T10:54:22.421815+04:00","level":"INFO","msg":"could not connect to phone","module":"go-ios/forward","deviceID":84,"conn":"&net.TCPConn{conn:net.conn{fd:(*net.netFD)(0x24e2fae65680)}}","error":"Failed connecting to service, error code:3","phonePort":8100}
{"time":"2026-06-22T10:54:22.422348+04:00","level":"INFO","msg":"new client connected","module":"go-ios/forward","deviceID":84,"phonePort":8100,"conn":"&forward.ConnListener{listener:(*net.TCPListener)(0x24e2fad79280), quit:(chan interface {})(0x24e2fb13a5b0)}"}
{"time":"2026-06-22T10:54:22.423566+04:00","level":"INFO","msg":"could not connect to phone","module":"go-ios/forward","deviceID":84,"conn":"&net.TCPConn{conn:net.conn{fd:(*net.netFD)(0x24e2fae65980)}}","error":"Failed connecting to service, error code:3","phonePort":8100}
{"time":"2026-06-22T10:54:23.404711+04:00","level":"INFO","msg":"new client connected","module":"go-ios/forward","deviceID":84,"phonePort":8100,"conn":"&forward.ConnListener{listener:(*net.TCPListener)(0x24e2fad79280), quit:(chan interface {})(0x24e2fb13a5b0)}"}
{"time":"2026-06-22T10:54:23.406253+04:00","level":"INFO","msg":"could not connect to phone","module":"go-ios/forward","deviceID":84,"conn":"&net.TCPConn{conn:net.conn{fd:(*net.netFD)(0x24e2faf0f100)}}","error":"Failed connecting to service, error code:3","phonePort":8100}
{"time":"2026-06-22T10:54:23.407179+04:00","level":"INFO","msg":"new client connected","module":"go-ios/forward","deviceID":84,"phonePort":8100,"conn":"&forward.ConnListener{listener:(*net.TCPListener)(0x24e2fad79280), quit:(chan interface {})(0x24e2fb13a5b0)}"}
{"time":"2026-06-22T10:54:23.407968+04:00","level":"INFO","msg":"could not connect to phone","module":"go-ios/forward","deviceID":84,"conn":"&net.TCPConn{conn:net.conn{fd:(*net.netFD)(0x24e2faf0f400)}}","error":"Failed connecting to service, error code:3","phonePort":8100}
{"time":"2026-06-22T10:54:23.925326+04:00","level":"INFO","msg":"new client connected","module":"go-ios/forward","deviceID":84,"phonePort":8100,"conn":"&forward.ConnListener{listener:(*net.TCPListener)(0x24e2fad79280), quit:(chan interface {})(0x24e2fb13a5b0)}"}
{"time":"2026-06-22T10:54:23.926582+04:00","level":"INFO","msg":"could not connect to phone","module":"go-ios/forward","deviceID":84,"conn":"&net.TCPConn{conn:net.conn{fd:(*net.netFD)(0x24e2fae65c80)}}","error":"Failed connecting to service, error code:3","phonePort":8100}
{"time":"2026-06-22T10:54:23.927219+04:00","level":"INFO","msg":"new client connected","module":"go-ios/forward","deviceID":84,"phonePort":8100,"conn":"&forward.ConnListener{listener:(*net.TCPListener)(0x24e2fad79280), quit:(chan interface {})(0x24e2fb13a5b0)}"}
{"time":"2026-06-22T10:54:23.92788+04:00","level":"INFO","msg":"could not connect to phone","module":"go-ios/forward","deviceID":84,"conn":"&net.TCPConn{conn:net.conn{fd:(*net.netFD)(0x24e2faf80080)}}","error":"Failed connecting to service, error code:3","phonePort":8100}
{"time":"2026-06-22T10:54:24.909327+04:00","level":"INFO","msg":"new client connected","module":"go-ios/forward","deviceID":84,"phonePort":8100,"conn":"&forward.ConnListener{listener:(*net.TCPListener)(0x24e2fad79280), quit:(chan interface {})(0x24e2fb13a5b0)}"}
{"time":"2026-06-22T10:54:24.910453+04:00","level":"INFO","msg":"could not connect to phone","module":"go-ios/forward","deviceID":84,"conn":"&net.TCPConn{conn:net.conn{fd:(*net.netFD)(0x24e2faf80380)}}","error":"Failed connecting to service, error code:3","phonePort":8100}
{"time":"2026-06-22T10:54:24.91116+04:00","level":"INFO","msg":"new client connected","module":"go-ios/forward","deviceID":84,"phonePort":8100,"conn":"&forward.ConnListener{listener:(*net.TCPListener)(0x24e2fad79280), quit:(chan interface {})(0x24e2fb13a5b0)}"}
{"time":"2026-06-22T10:54:24.911732+04:00","level":"INFO","msg":"could not connect to phone","module":"go-ios/forward","deviceID":84,"conn":"&net.TCPConn{conn:net.conn{fd:(*net.netFD)(0x24e2faf80680)}}","error":"Failed connecting to service, error code:3","phonePort":8100}
{"time":"2026-06-22T10:54:25.429864+04:00","level":"INFO","msg":"new client connected","module":"go-ios/forward","deviceID":84,"phonePort":8100,"conn":"&forward.ConnListener{listener:(*net.TCPListener)(0x24e2fad79280), quit:(chan interface {})(0x24e2fb13a5b0)}"}
{"time":"2026-06-22T10:54:25.431528+04:00","level":"INFO","msg":"could not connect to phone","module":"go-ios/forward","deviceID":84,"conn":"&net.TCPConn{conn:net.conn{fd:(*net.netFD)(0x24e2faf0f700)}}","error":"Failed connecting to service, error code:3","phonePort":8100}
{"time":"2026-06-22T10:54:25.432139+04:00","level":"INFO","msg":"new client connected","module":"go-ios/forward","deviceID":84,"phonePort":8100,"conn":"&forward.ConnListener{listener:(*net.TCPListener)(0x24e2fad79280), quit:(chan interface {})(0x24e2fb13a5b0)}"}
{"time":"2026-06-22T10:54:25.433157+04:00","level":"INFO","msg":"could not connect to phone","module":"go-ios/forward","deviceID":84,"conn":"&net.TCPConn{conn:net.conn{fd:(*net.netFD)(0x24e2faf0fa00)}}","error":"Failed connecting to service, error code:3","phonePort":8100}
{"time":"2026-06-22T10:54:26.412977+04:00","level":"INFO","msg":"new client connected","module":"go-ios/forward","deviceID":84,"phonePort":8100,"conn":"&forward.ConnListener{listener:(*net.TCPListener)(0x24e2fad79280), quit:(chan interface {})(0x24e2fb13a5b0)}"}
{"time":"2026-06-22T10:54:26.414304+04:00","level":"INFO","msg":"could not connect to phone","module":"go-ios/forward","deviceID":84,"conn":"&net.TCPConn{conn:net.conn{fd:(*net.netFD)(0x24e2faf0fd00)}}","error":"Failed connecting to service, error code:3","phonePort":8100}
{"time":"2026-06-22T10:54:26.415033+04:00","level":"INFO","msg":"new client connected","module":"go-ios/forward","deviceID":84,"phonePort":8100,"conn":"&forward.ConnListener{listener:(*net.TCPListener)(0x24e2fad79280), quit:(chan interface {})(0x24e2fb13a5b0)}"}
{"time":"2026-06-22T10:54:26.415616+04:00","level":"INFO","msg":"could not connect to phone","module":"go-ios/forward","deviceID":84,"conn":"&net.TCPConn{conn:net.conn{fd:(*net.netFD)(0x24e2faf34100)}}","error":"Failed connecting to service, error code:3","phonePort":8100}
{"time":"2026-06-22T10:54:26.934059+04:00","level":"INFO","msg":"new client connected","module":"go-ios/forward","deviceID":84,"phonePort":8100,"conn":"&forward.ConnListener{listener:(*net.TCPListener)(0x24e2fad79280), quit:(chan interface {})(0x24e2fb13a5b0)}"}
{"time":"2026-06-22T10:54:26.93566+04:00","level":"INFO","msg":"could not connect to phone","module":"go-ios/forward","deviceID":84,"conn":"&net.TCPConn{conn:net.conn{fd:(*net.netFD)(0x24e2faf80980)}}","error":"Failed connecting to service, error code:3","phonePort":8100}
{"time":"2026-06-22T10:54:26.936255+04:00","level":"INFO","msg":"new client connected","module":"go-ios/forward","deviceID":84,"phonePort":8100,"conn":"&forward.ConnListener{listener:(*net.TCPListener)(0x24e2fad79280), quit:(chan interface {})(0x24e2fb13a5b0)}"}
{"time":"2026-06-22T10:54:26.937501+04:00","level":"INFO","msg":"could not connect to phone","module":"go-ios/forward","deviceID":84,"conn":"&net.TCPConn{conn:net.conn{fd:(*net.netFD)(0x24e2faf80c80)}}","error":"Failed connecting to service, error code:3","phonePort":8100}
{"time":"2026-06-22T10:54:27.917396+04:00","level":"INFO","msg":"new client connected","module":"go-ios/forward","deviceID":84,"phonePort":8100,"conn":"&forward.ConnListener{listener:(*net.TCPListener)(0x24e2fad79280), quit:(chan interface {})(0x24e2fb13a5b0)}"}
{"time":"2026-06-22T10:54:27.918569+04:00","level":"INFO","msg":"could not connect to phone","module":"go-ios/forward","deviceID":84,"conn":"&net.TCPConn{conn:net.conn{fd:(*net.netFD)(0x24e2faf80f80)}}","error":"Failed connecting to service, error code:3","phonePort":8100}
{"time":"2026-06-22T10:54:27.919272+04:00","level":"INFO","msg":"new client connected","module":"go-ios/forward","deviceID":84,"phonePort":8100,"conn":"&forward.ConnListener{listener:(*net.TCPListener)(0x24e2fad79280), quit:(chan interface {})(0x24e2fb13a5b0)}"}
{"time":"2026-06-22T10:54:27.919981+04:00","level":"INFO","msg":"could not connect to phone","module":"go-ios/forward","deviceID":84,"conn":"&net.TCPConn{conn:net.conn{fd:(*net.netFD)(0x24e2faf34400)}}","error":"Failed connecting to service, error code:3","phonePort":8100}
{"time":"2026-06-22T10:54:28.43963+04:00","level":"INFO","msg":"new client connected","module":"go-ios/forward","deviceID":84,"phonePort":8100,"conn":"&forward.ConnListener{listener:(*net.TCPListener)(0x24e2fad79280), quit:(chan interface {})(0x24e2fb13a5b0)}"}
{"time":"2026-06-22T10:54:28.440633+04:00","level":"INFO","msg":"could not connect to phone","module":"go-ios/forward","deviceID":84,"conn":"&net.TCPConn{conn:net.conn{fd:(*net.netFD)(0x24e2faf81280)}}","error":"Failed connecting to service, error code:3","phonePort":8100}
{"time":"2026-06-22T10:54:28.441412+04:00","level":"INFO","msg":"new client connected","module":"go-ios/forward","deviceID":84,"phonePort":8100,"conn":"&forward.ConnListener{listener:(*net.TCPListener)(0x24e2fad79280), quit:(chan interface {})(0x24e2fb13a5b0)}"}
{"time":"2026-06-22T10:54:28.442074+04:00","level":"INFO","msg":"could not connect to phone","module":"go-ios/forward","deviceID":84,"conn":"&net.TCPConn{conn:net.conn{fd:(*net.netFD)(0x24e2faf81580)}}","error":"Failed connecting to service, error code:3","phonePort":8100}
{"time":"2026-06-22T10:54:29.421098+04:00","level":"INFO","msg":"new client connected","module":"go-ios/forward","deviceID":84,"phonePort":8100,"conn":"&forward.ConnListener{listener:(*net.TCPListener)(0x24e2fad79280), quit:(chan interface {})(0x24e2fb13a5b0)}"}
{"time":"2026-06-22T10:54:29.422407+04:00","level":"INFO","msg":"could not connect to phone","module":"go-ios/forward","deviceID":84,"conn":"&net.TCPConn{conn:net.conn{fd:(*net.netFD)(0x24e2faf81880)}}","error":"Failed connecting to service, error code:3","phonePort":8100}
{"time":"2026-06-22T10:54:29.423139+04:00","level":"INFO","msg":"new client connected","module":"go-ios/forward","deviceID":84,"phonePort":8100,"conn":"&forward.ConnListener{listener:(*net.TCPListener)(0x24e2fad79280), quit:(chan interface {})(0x24e2fb13a5b0)}"}
{"time":"2026-06-22T10:54:29.423747+04:00","level":"INFO","msg":"could not connect to phone","module":"go-ios/forward","deviceID":84,"conn":"&net.TCPConn{conn:net.conn{fd:(*net.netFD)(0x24e2faf81b80)}}","error":"Failed connecting to service, error code:3","phonePort":8100}
{"time":"2026-06-22T10:54:29.943271+04:00","level":"INFO","msg":"new client connected","module":"go-ios/forward","deviceID":84,"phonePort":8100,"conn":"&forward.ConnListener{listener:(*net.TCPListener)(0x24e2fad79280), quit:(chan interface {})(0x24e2fb13a5b0)}"}
{"time":"2026-06-22T10:54:29.94435+04:00","level":"INFO","msg":"could not connect to phone","module":"go-ios/forward","deviceID":84,"conn":"&net.TCPConn{conn:net.conn{fd:(*net.netFD)(0x24e2faf34700)}}","error":"Failed connecting to service, error code:3","phonePort":8100}
{"time":"2026-06-22T10:54:29.944845+04:00","level":"INFO","msg":"new client connected","module":"go-ios/forward","deviceID":84,"phonePort":8100,"conn":"&forward.ConnListener{listener:(*net.TCPListener)(0x24e2fad79280), quit:(chan interface {})(0x24e2fb13a5b0)}"}
{"time":"2026-06-22T10:54:29.945422+04:00","level":"INFO","msg":"could not connect to phone","module":"go-ios/forward","deviceID":84,"conn":"&net.TCPConn{conn:net.conn{fd:(*net.netFD)(0x24e2faf34a00)}}","error":"Failed connecting to service, error code:3","phonePort":8100}
{"time":"2026-06-22T10:54:30.925505+04:00","level":"INFO","msg":"new client connected","module":"go-ios/forward","deviceID":84,"phonePort":8100,"conn":"&forward.ConnListener{listener:(*net.TCPListener)(0x24e2fad79280), quit:(chan interface {})(0x24e2fb13a5b0)}"}
{"time":"2026-06-22T10:54:30.926908+04:00","level":"INFO","msg":"could not connect to phone","module":"go-ios/forward","deviceID":84,"conn":"&net.TCPConn{conn:net.conn{fd:(*net.netFD)(0x24e2faf34d00)}}","error":"Failed connecting to service, error code:3","phonePort":8100}
{"time":"2026-06-22T10:54:30.9278+04:00","level":"INFO","msg":"new client connected","module":"go-ios/forward","deviceID":84,"phonePort":8100,"conn":"&forward.ConnListener{listener:(*net.TCPListener)(0x24e2fad79280), quit:(chan interface {})(0x24e2fb13a5b0)}"}
{"time":"2026-06-22T10:54:30.928522+04:00","level":"INFO","msg":"could not connect to phone","module":"go-ios/forward","deviceID":84,"conn":"&net.TCPConn{conn:net.conn{fd:(*net.netFD)(0x24e2faf35000)}}","error":"Failed connecting to service, error code:3","phonePort":8100}
{"time":"2026-06-22T10:54:31.446766+04:00","level":"INFO","msg":"new client connected","module":"go-ios/forward","deviceID":84,"phonePort":8100,"conn":"&forward.ConnListener{listener:(*net.TCPListener)(0x24e2fad79280), quit:(chan interface {})(0x24e2fb13a5b0)}"}
{"time":"2026-06-22T10:54:31.447873+04:00","level":"INFO","msg":"could not connect to phone","module":"go-ios/forward","deviceID":84,"conn":"&net.TCPConn{conn:net.conn{fd:(*net.netFD)(0x24e2faf81e80)}}","error":"Failed connecting to service, error code:3","phonePort":8100}
{"time":"2026-06-22T10:54:31.448788+04:00","level":"INFO","msg":"new client connected","module":"go-ios/forward","deviceID":84,"phonePort":8100,"conn":"&forward.ConnListener{listener:(*net.TCPListener)(0x24e2fad79280), quit:(chan interface {})(0x24e2fb13a5b0)}"}
{"time":"2026-06-22T10:54:31.44979+04:00","level":"INFO","msg":"could not connect to phone","module":"go-ios/forward","deviceID":84,"conn":"&net.TCPConn{conn:net.conn{fd:(*net.netFD)(0x24e2fafae280)}}","error":"Failed connecting to service, error code:3","phonePort":8100}
{"time":"2026-06-22T10:54:32.43019+04:00","level":"INFO","msg":"new client connected","module":"go-ios/forward","deviceID":84,"phonePort":8100,"conn":"&forward.ConnListener{listener:(*net.TCPListener)(0x24e2fad79280), quit:(chan interface {})(0x24e2fb13a5b0)}"}
{"time":"2026-06-22T10:54:32.431838+04:00","level":"INFO","msg":"could not connect to phone","module":"go-ios/forward","deviceID":84,"conn":"&net.TCPConn{conn:net.conn{fd:(*net.netFD)(0x24e2faf35300)}}","error":"Failed connecting to service, error code:3","phonePort":8100}
{"time":"2026-06-22T10:54:32.432371+04:00","level":"INFO","msg":"new client connected","module":"go-ios/forward","deviceID":84,"phonePort":8100,"conn":"&forward.ConnListener{listener:(*net.TCPListener)(0x24e2fad79280), quit:(chan interface {})(0x24e2fb13a5b0)}"}
{"time":"2026-06-22T10:54:32.433104+04:00","level":"INFO","msg":"could not connect to phone","module":"go-ios/forward","deviceID":84,"conn":"&net.TCPConn{conn:net.conn{fd:(*net.netFD)(0x24e2faf35600)}}","error":"Failed connecting to service, error code:3","phonePort":8100}
{"time":"2026-06-22T10:54:32.951243+04:00","level":"INFO","msg":"new client connected","module":"go-ios/forward","deviceID":84,"phonePort":8100,"conn":"&forward.ConnListener{listener:(*net.TCPListener)(0x24e2fad79280), quit:(chan interface {})(0x24e2fb13a5b0)}"}
{"time":"2026-06-22T10:54:32.952266+04:00","level":"INFO","msg":"could not connect to phone","module":"go-ios/forward","deviceID":84,"conn":"&net.TCPConn{conn:net.conn{fd:(*net.netFD)(0x24e2faf35900)}}","error":"Failed connecting to service, error code:3","phonePort":8100}
{"time":"2026-06-22T10:54:32.952741+04:00","level":"INFO","msg":"new client connected","module":"go-ios/forward","deviceID":84,"phonePort":8100,"conn":"&forward.ConnListener{listener:(*net.TCPListener)(0x24e2fad79280), quit:(chan interface {})(0x24e2fb13a5b0)}"}
{"time":"2026-06-22T10:54:32.953402+04:00","level":"INFO","msg":"could not connect to phone","module":"go-ios/forward","deviceID":84,"conn":"&net.TCPConn{conn:net.conn{fd:(*net.netFD)(0x24e2faf35c00)}}","error":"Failed connecting to service, error code:3","phonePort":8100}
{"time":"2026-06-22T10:54:33.934503+04:00","level":"INFO","msg":"new client connected","module":"go-ios/forward","deviceID":84,"phonePort":8100,"conn":"&forward.ConnListener{listener:(*net.TCPListener)(0x24e2fad79280), quit:(chan interface {})(0x24e2fb13a5b0)}"}
{"time":"2026-06-22T10:54:33.935948+04:00","level":"INFO","msg":"could not connect to phone","module":"go-ios/forward","deviceID":84,"conn":"&net.TCPConn{conn:net.conn{fd:(*net.netFD)(0x24e2fafae580)}}","error":"Failed connecting to service, error code:3","phonePort":8100}
{"time":"2026-06-22T10:54:33.936484+04:00","level":"INFO","msg":"new client connected","module":"go-ios/forward","deviceID":84,"phonePort":8100,"conn":"&forward.ConnListener{listener:(*net.TCPListener)(0x24e2fad79280), quit:(chan interface {})(0x24e2fb13a5b0)}"}
{"time":"2026-06-22T10:54:33.93721+04:00","level":"INFO","msg":"could not connect to phone","module":"go-ios/forward","deviceID":84,"conn":"&net.TCPConn{conn:net.conn{fd:(*net.netFD)(0x24e2fafae880)}}","error":"Failed connecting to service, error code:3","phonePort":8100}
{"time":"2026-06-22T10:54:34.455538+04:00","level":"INFO","msg":"new client connected","module":"go-ios/forward","deviceID":84,"phonePort":8100,"conn":"&forward.ConnListener{listener:(*net.TCPListener)(0x24e2fad79280), quit:(chan interface {})(0x24e2fb13a5b0)}"}
{"time":"2026-06-22T10:54:34.456419+04:00","level":"INFO","msg":"could not connect to phone","module":"go-ios/forward","deviceID":84,"conn":"&net.TCPConn{conn:net.conn{fd:(*net.netFD)(0x24e2faf56000)}}","error":"Failed connecting to service, error code:3","phonePort":8100}
{"time":"2026-06-22T10:54:34.457055+04:00","level":"INFO","msg":"new client connected","module":"go-ios/forward","deviceID":84,"phonePort":8100,"conn":"&forward.ConnListener{listener:(*net.TCPListener)(0x24e2fad79280), quit:(chan interface {})(0x24e2fb13a5b0)}"}
{"time":"2026-06-22T10:54:34.457782+04:00","level":"INFO","msg":"could not connect to phone","module":"go-ios/forward","deviceID":84,"conn":"&net.TCPConn{conn:net.conn{fd:(*net.netFD)(0x24e2fafaeb80)}}","error":"Failed connecting to service, error code:3","phonePort":8100}
{"time":"2026-06-22T10:54:35.438684+04:00","level":"INFO","msg":"new client connected","module":"go-ios/forward","deviceID":84,"phonePort":8100,"conn":"&forward.ConnListener{listener:(*net.TCPListener)(0x24e2fad79280), quit:(chan interface {})(0x24e2fb13a5b0)}"}
{"time":"2026-06-22T10:54:35.439725+04:00","level":"INFO","msg":"could not connect to phone","module":"go-ios/forward","deviceID":84,"conn":"&net.TCPConn{conn:net.conn{fd:(*net.netFD)(0x24e2fafaee80)}}","error":"Failed connecting to service, error code:3","phonePort":8100}
{"time":"2026-06-22T10:54:35.440235+04:00","level":"INFO","msg":"new client connected","module":"go-ios/forward","deviceID":84,"phonePort":8100,"conn":"&forward.ConnListener{listener:(*net.TCPListener)(0x24e2fad79280), quit:(chan interface {})(0x24e2fb13a5b0)}"}
{"time":"2026-06-22T10:54:35.440972+04:00","level":"INFO","msg":"could not connect to phone","module":"go-ios/forward","deviceID":84,"conn":"&net.TCPConn{conn:net.conn{fd:(*net.netFD)(0x24e2fafaf180)}}","error":"Failed connecting to service, error code:3","phonePort":8100}
{"time":"2026-06-22T10:54:35.959315+04:00","level":"INFO","msg":"new client connected","module":"go-ios/forward","deviceID":84,"phonePort":8100,"conn":"&forward.ConnListener{listener:(*net.TCPListener)(0x24e2fad79280), quit:(chan interface {})(0x24e2fb13a5b0)}"}
{"time":"2026-06-22T10:54:35.960978+04:00","level":"INFO","msg":"could not connect to phone","module":"go-ios/forward","deviceID":84,"conn":"&net.TCPConn{conn:net.conn{fd:(*net.netFD)(0x24e2fafaf480)}}","error":"Failed connecting to service, error code:3","phonePort":8100}
{"time":"2026-06-22T10:54:35.96158+04:00","level":"INFO","msg":"new client connected","module":"go-ios/forward","deviceID":84,"phonePort":8100,"conn":"&forward.ConnListener{listener:(*net.TCPListener)(0x24e2fad79280), quit:(chan interface {})(0x24e2fb13a5b0)}"}
{"time":"2026-06-22T10:54:35.962253+04:00","level":"INFO","msg":"could not connect to phone","module":"go-ios/forward","deviceID":84,"conn":"&net.TCPConn{conn:net.conn{fd:(*net.netFD)(0x24e2fafaf780)}}","error":"Failed connecting to service, error code:3","phonePort":8100}
{"time":"2026-06-22T10:54:36.942184+04:00","level":"INFO","msg":"new client connected","module":"go-ios/forward","deviceID":84,"phonePort":8100,"conn":"&forward.ConnListener{listener:(*net.TCPListener)(0x24e2fad79280), quit:(chan interface {})(0x24e2fb13a5b0)}"}
{"time":"2026-06-22T10:54:36.943006+04:00","level":"INFO","msg":"could not connect to phone","module":"go-ios/forward","deviceID":84,"conn":"&net.TCPConn{conn:net.conn{fd:(*net.netFD)(0x24e2fafafa80)}}","error":"Failed connecting to service, error code:3","phonePort":8100}
{"time":"2026-06-22T10:54:36.943591+04:00","level":"INFO","msg":"new client connected","module":"go-ios/forward","deviceID":84,"phonePort":8100,"conn":"&forward.ConnListener{listener:(*net.TCPListener)(0x24e2fad79280), quit:(chan interface {})(0x24e2fb13a5b0)}"}
{"time":"2026-06-22T10:54:36.944271+04:00","level":"INFO","msg":"could not connect to phone","module":"go-ios/forward","deviceID":84,"conn":"&net.TCPConn{conn:net.conn{fd:(*net.netFD)(0x24e2fafafd80)}}","error":"Failed connecting to service, error code:3","phonePort":8100}
{"time":"2026-06-22T10:54:37.463647+04:00","level":"INFO","msg":"new client connected","module":"go-ios/forward","deviceID":84,"phonePort":8100,"conn":"&forward.ConnListener{listener:(*net.TCPListener)(0x24e2fad79280), quit:(chan interface {})(0x24e2fb13a5b0)}"}
{"time":"2026-06-22T10:54:37.464568+04:00","level":"INFO","msg":"could not connect to phone","module":"go-ios/forward","deviceID":84,"conn":"&net.TCPConn{conn:net.conn{fd:(*net.netFD)(0x24e2fafe2180)}}","error":"Failed connecting to service, error code:3","phonePort":8100}
{"time":"2026-06-22T10:54:37.465255+04:00","level":"INFO","msg":"new client connected","module":"go-ios/forward","deviceID":84,"phonePort":8100,"conn":"&forward.ConnListener{listener:(*net.TCPListener)(0x24e2fad79280), quit:(chan interface {})(0x24e2fb13a5b0)}"}
{"time":"2026-06-22T10:54:37.466163+04:00","level":"INFO","msg":"could not connect to phone","module":"go-ios/forward","deviceID":84,"conn":"&net.TCPConn{conn:net.conn{fd:(*net.netFD)(0x24e2fafe2480)}}","error":"Failed connecting to service, error code:3","phonePort":8100}
{"time":"2026-06-22T10:54:38.445855+04:00","level":"INFO","msg":"new client connected","module":"go-ios/forward","deviceID":84,"phonePort":8100,"conn":"&forward.ConnListener{listener:(*net.TCPListener)(0x24e2fad79280), quit:(chan interface {})(0x24e2fb13a5b0)}"}
{"time":"2026-06-22T10:54:38.447389+04:00","level":"INFO","msg":"could not connect to phone","module":"go-ios/forward","deviceID":84,"conn":"&net.TCPConn{conn:net.conn{fd:(*net.netFD)(0x24e2fafe2780)}}","error":"Failed connecting to service, error code:3","phonePort":8100}
{"time":"2026-06-22T10:54:38.448203+04:00","level":"INFO","msg":"new client connected","module":"go-ios/forward","deviceID":84,"phonePort":8100,"conn":"&forward.ConnListener{listener:(*net.TCPListener)(0x24e2fad79280), quit:(chan interface {})(0x24e2fb13a5b0)}"}
{"time":"2026-06-22T10:54:38.448961+04:00","level":"INFO","msg":"could not connect to phone","module":"go-ios/forward","deviceID":84,"conn":"&net.TCPConn{conn:net.conn{fd:(*net.netFD)(0x24e2faf56300)}}","error":"Failed connecting to service, error code:3","phonePort":8100}
{"time":"2026-06-22T10:54:38.968137+04:00","level":"INFO","msg":"new client connected","module":"go-ios/forward","deviceID":84,"phonePort":8100,"conn":"&forward.ConnListener{listener:(*net.TCPListener)(0x24e2fad79280), quit:(chan interface {})(0x24e2fb13a5b0)}"}
{"time":"2026-06-22T10:54:38.969748+04:00","level":"INFO","msg":"could not connect to phone","module":"go-ios/forward","deviceID":84,"conn":"&net.TCPConn{conn:net.conn{fd:(*net.netFD)(0x24e2faf56600)}}","error":"Failed connecting to service, error code:3","phonePort":8100}
{"time":"2026-06-22T10:54:38.970515+04:00","level":"INFO","msg":"new client connected","module":"go-ios/forward","deviceID":84,"phonePort":8100,"conn":"&forward.ConnListener{listener:(*net.TCPListener)(0x24e2fad79280), quit:(chan interface {})(0x24e2fb13a5b0)}"}
{"time":"2026-06-22T10:54:38.971363+04:00","level":"INFO","msg":"could not connect to phone","module":"go-ios/forward","deviceID":84,"conn":"&net.TCPConn{conn:net.conn{fd:(*net.netFD)(0x24e2faf56900)}}","error":"Failed connecting to service, error code:3","phonePort":8100}
{"time":"2026-06-22T10:54:39.951292+04:00","level":"INFO","msg":"new client connected","module":"go-ios/forward","deviceID":84,"phonePort":8100,"conn":"&forward.ConnListener{listener:(*net.TCPListener)(0x24e2fad79280), quit:(chan interface {})(0x24e2fb13a5b0)}"}
{"time":"2026-06-22T10:54:39.952476+04:00","level":"INFO","msg":"could not connect to phone","module":"go-ios/forward","deviceID":84,"conn":"&net.TCPConn{conn:net.conn{fd:(*net.netFD)(0x24e2faf56c00)}}","error":"Failed connecting to service, error code:3","phonePort":8100}
{"time":"2026-06-22T10:54:39.953147+04:00","level":"INFO","msg":"new client connected","module":"go-ios/forward","deviceID":84,"phonePort":8100,"conn":"&forward.ConnListener{listener:(*net.TCPListener)(0x24e2fad79280), quit:(chan interface {})(0x24e2fb13a5b0)}"}
{"time":"2026-06-22T10:54:39.954082+04:00","level":"INFO","msg":"could not connect to phone","module":"go-ios/forward","deviceID":84,"conn":"&net.TCPConn{conn:net.conn{fd:(*net.netFD)(0x24e2faf56f00)}}","error":"Failed connecting to service, error code:3","phonePort":8100}
{"time":"2026-06-22T10:54:40.472863+04:00","level":"INFO","msg":"new client connected","module":"go-ios/forward","deviceID":84,"phonePort":8100,"conn":"&forward.ConnListener{listener:(*net.TCPListener)(0x24e2fad79280), quit:(chan interface {})(0x24e2fb13a5b0)}"}
{"time":"2026-06-22T10:54:40.474188+04:00","level":"INFO","msg":"could not connect to phone","module":"go-ios/forward","deviceID":84,"conn":"&net.TCPConn{conn:net.conn{fd:(*net.netFD)(0x24e2faf57200)}}","error":"Failed connecting to service, error code:3","phonePort":8100}
{"time":"2026-06-22T10:54:40.474859+04:00","level":"INFO","msg":"new client connected","module":"go-ios/forward","deviceID":84,"phonePort":8100,"conn":"&forward.ConnListener{listener:(*net.TCPListener)(0x24e2fad79280), quit:(chan interface {})(0x24e2fb13a5b0)}"}
{"time":"2026-06-22T10:54:40.475471+04:00","level":"INFO","msg":"could not connect to phone","module":"go-ios/forward","deviceID":84,"conn":"&net.TCPConn{conn:net.conn{fd:(*net.netFD)(0x24e2faf57500)}}","error":"Failed connecting to service, error code:3","phonePort":8100}
{"time":"2026-06-22T10:54:41.455775+04:00","level":"INFO","msg":"new client connected","module":"go-ios/forward","deviceID":84,"phonePort":8100,"conn":"&forward.ConnListener{listener:(*net.TCPListener)(0x24e2fad79280), quit:(chan interface {})(0x24e2fb13a5b0)}"}
{"time":"2026-06-22T10:54:41.456838+04:00","level":"INFO","msg":"could not connect to phone","module":"go-ios/forward","deviceID":84,"conn":"&net.TCPConn{conn:net.conn{fd:(*net.netFD)(0x24e2fafe2a80)}}","error":"Failed connecting to service, error code:3","phonePort":8100}
{"time":"2026-06-22T10:54:41.457802+04:00","level":"INFO","msg":"new client connected","module":"go-ios/forward","deviceID":84,"phonePort":8100,"conn":"&forward.ConnListener{listener:(*net.TCPListener)(0x24e2fad79280), quit:(chan interface {})(0x24e2fb13a5b0)}"}
{"time":"2026-06-22T10:54:41.458558+04:00","level":"INFO","msg":"could not connect to phone","module":"go-ios/forward","deviceID":84,"conn":"&net.TCPConn{conn:net.conn{fd:(*net.netFD)(0x24e2fafe2d80)}}","error":"Failed connecting to service, error code:3","phonePort":8100}
{"time":"2026-06-22T10:54:41.976927+04:00","level":"INFO","msg":"new client connected","module":"go-ios/forward","deviceID":84,"phonePort":8100,"conn":"&forward.ConnListener{listener:(*net.TCPListener)(0x24e2fad79280), quit:(chan interface {})(0x24e2fb13a5b0)}"}
{"time":"2026-06-22T10:54:41.978008+04:00","level":"INFO","msg":"could not connect to phone","module":"go-ios/forward","deviceID":84,"conn":"&net.TCPConn{conn:net.conn{fd:(*net.netFD)(0x24e2fafe3080)}}","error":"Failed connecting to service, error code:3","phonePort":8100}
{"time":"2026-06-22T10:54:41.978584+04:00","level":"INFO","msg":"new client connected","module":"go-ios/forward","deviceID":84,"phonePort":8100,"conn":"&forward.ConnListener{listener:(*net.TCPListener)(0x24e2fad79280), quit:(chan interface {})(0x24e2fb13a5b0)}"}
{"time":"2026-06-22T10:54:41.979257+04:00","level":"INFO","msg":"could not connect to phone","module":"go-ios/forward","deviceID":84,"conn":"&net.TCPConn{conn:net.conn{fd:(*net.netFD)(0x24e2fafe3380)}}","error":"Failed connecting to service, error code:3","phonePort":8100}
{"time":"2026-06-22T10:54:42.960603+04:00","level":"INFO","msg":"new client connected","module":"go-ios/forward","deviceID":84,"phonePort":8100,"conn":"&forward.ConnListener{listener:(*net.TCPListener)(0x24e2fad79280), quit:(chan interface {})(0x24e2fb13a5b0)}"}
{"time":"2026-06-22T10:54:42.961873+04:00","level":"INFO","msg":"could not connect to phone","module":"go-ios/forward","deviceID":84,"conn":"&net.TCPConn{conn:net.conn{fd:(*net.netFD)(0x24e2faf57800)}}","error":"Failed connecting to service, error code:3","phonePort":8100}
{"time":"2026-06-22T10:54:42.962338+04:00","level":"INFO","msg":"new client connected","module":"go-ios/forward","deviceID":84,"phonePort":8100,"conn":"&forward.ConnListener{listener:(*net.TCPListener)(0x24e2fad79280), quit:(chan interface {})(0x24e2fb13a5b0)}"}
{"time":"2026-06-22T10:54:42.962902+04:00","level":"INFO","msg":"could not connect to phone","module":"go-ios/forward","deviceID":84,"conn":"&net.TCPConn{conn:net.conn{fd:(*net.netFD)(0x24e2faf57b00)}}","error":"Failed connecting to service, error code:3","phonePort":8100}
{"time":"2026-06-22T10:54:43.480923+04:00","level":"INFO","msg":"new client connected","module":"go-ios/forward","deviceID":84,"phonePort":8100,"conn":"&forward.ConnListener{listener:(*net.TCPListener)(0x24e2fad79280), quit:(chan interface {})(0x24e2fb13a5b0)}"}
{"time":"2026-06-22T10:54:43.482239+04:00","level":"INFO","msg":"could not connect to phone","module":"go-ios/forward","deviceID":84,"conn":"&net.TCPConn{conn:net.conn{fd:(*net.netFD)(0x24e2faf57e00)}}","error":"Failed connecting to service, error code:3","phonePort":8100}
{"time":"2026-06-22T10:54:43.48271+04:00","level":"INFO","msg":"new client connected","module":"go-ios/forward","deviceID":84,"phonePort":8100,"conn":"&forward.ConnListener{listener:(*net.TCPListener)(0x24e2fad79280), quit:(chan interface {})(0x24e2fb13a5b0)}"}
{"time":"2026-06-22T10:54:43.483696+04:00","level":"INFO","msg":"could not connect to phone","module":"go-ios/forward","deviceID":84,"conn":"&net.TCPConn{conn:net.conn{fd:(*net.netFD)(0x24e2faf76200)}}","error":"Failed connecting to service, error code:3","phonePort":8100}
{"time":"2026-06-22T10:54:44.463767+04:00","level":"INFO","msg":"new client connected","module":"go-ios/forward","deviceID":84,"phonePort":8100,"conn":"&forward.ConnListener{listener:(*net.TCPListener)(0x24e2fad79280), quit:(chan interface {})(0x24e2fb13a5b0)}"}
{"time":"2026-06-22T10:54:44.464946+04:00","level":"INFO","msg":"could not connect to phone","module":"go-ios/forward","deviceID":84,"conn":"&net.TCPConn{conn:net.conn{fd:(*net.netFD)(0x24e2faf76500)}}","error":"Failed connecting to service, error code:3","phonePort":8100}
{"time":"2026-06-22T10:54:44.465594+04:00","level":"INFO","msg":"new client connected","module":"go-ios/forward","deviceID":84,"phonePort":8100,"conn":"&forward.ConnListener{listener:(*net.TCPListener)(0x24e2fad79280), quit:(chan interface {})(0x24e2fb13a5b0)}"}
{"time":"2026-06-22T10:54:44.466423+04:00","level":"INFO","msg":"could not connect to phone","module":"go-ios/forward","deviceID":84,"conn":"&net.TCPConn{conn:net.conn{fd:(*net.netFD)(0x24e2faf76800)}}","error":"Failed connecting to service, error code:3","phonePort":8100}
{"time":"2026-06-22T10:54:44.984564+04:00","level":"INFO","msg":"new client connected","module":"go-ios/forward","deviceID":84,"phonePort":8100,"conn":"&forward.ConnListener{listener:(*net.TCPListener)(0x24e2fad79280), quit:(chan interface {})(0x24e2fb13a5b0)}"}
{"time":"2026-06-22T10:54:44.986041+04:00","level":"INFO","msg":"could not connect to phone","module":"go-ios/forward","deviceID":84,"conn":"&net.TCPConn{conn:net.conn{fd:(*net.netFD)(0x24e2fafe3680)}}","error":"Failed connecting to service, error code:3","phonePort":8100}
{"time":"2026-06-22T10:54:44.986698+04:00","level":"INFO","msg":"new client connected","module":"go-ios/forward","deviceID":84,"phonePort":8100,"conn":"&forward.ConnListener{listener:(*net.TCPListener)(0x24e2fad79280), quit:(chan interface {})(0x24e2fb13a5b0)}"}
{"time":"2026-06-22T10:54:44.987699+04:00","level":"INFO","msg":"could not connect to phone","module":"go-ios/forward","deviceID":84,"conn":"&net.TCPConn{conn:net.conn{fd:(*net.netFD)(0x24e2fafe3980)}}","error":"Failed connecting to service, error code:3","phonePort":8100}
{"time":"2026-06-22T10:54:45.968646+04:00","level":"INFO","msg":"new client connected","module":"go-ios/forward","deviceID":84,"phonePort":8100,"conn":"&forward.ConnListener{listener:(*net.TCPListener)(0x24e2fad79280), quit:(chan interface {})(0x24e2fb13a5b0)}"}
{"time":"2026-06-22T10:54:45.969945+04:00","level":"INFO","msg":"could not connect to phone","module":"go-ios/forward","deviceID":84,"conn":"&net.TCPConn{conn:net.conn{fd:(*net.netFD)(0x24e2faf76b00)}}","error":"Failed connecting to service, error code:3","phonePort":8100}
{"time":"2026-06-22T10:54:45.970633+04:00","level":"INFO","msg":"new client connected","module":"go-ios/forward","deviceID":84,"phonePort":8100,"conn":"&forward.ConnListener{listener:(*net.TCPListener)(0x24e2fad79280), quit:(chan interface {})(0x24e2fb13a5b0)}"}
{"time":"2026-06-22T10:54:45.971799+04:00","level":"INFO","msg":"could not connect to phone","module":"go-ios/forward","deviceID":84,"conn":"&net.TCPConn{conn:net.conn{fd:(*net.netFD)(0x24e2faf76e00)}}","error":"Failed connecting to service, error code:3","phonePort":8100}
{"time":"2026-06-22T10:54:46.490557+04:00","level":"INFO","msg":"new client connected","module":"go-ios/forward","deviceID":84,"phonePort":8100,"conn":"&forward.ConnListener{listener:(*net.TCPListener)(0x24e2fad79280), quit:(chan interface {})(0x24e2fb13a5b0)}"}
{"time":"2026-06-22T10:54:46.492264+04:00","level":"INFO","msg":"could not connect to phone","module":"go-ios/forward","deviceID":84,"conn":"&net.TCPConn{conn:net.conn{fd:(*net.netFD)(0x24e2faf77100)}}","error":"Failed connecting to service, error code:3","phonePort":8100}
{"time":"2026-06-22T10:54:46.492864+04:00","level":"INFO","msg":"new client connected","module":"go-ios/forward","deviceID":84,"phonePort":8100,"conn":"&forward.ConnListener{listener:(*net.TCPListener)(0x24e2fad79280), quit:(chan interface {})(0x24e2fb13a5b0)}"}
{"time":"2026-06-22T10:54:46.493918+04:00","level":"INFO","msg":"could not connect to phone","module":"go-ios/forward","deviceID":84,"conn":"&net.TCPConn{conn:net.conn{fd:(*net.netFD)(0x24e2faf77400)}}","error":"Failed connecting to service, error code:3","phonePort":8100}
{"time":"2026-06-22T10:54:47.473279+04:00","level":"INFO","msg":"new client connected","module":"go-ios/forward","deviceID":84,"phonePort":8100,"conn":"&forward.ConnListener{listener:(*net.TCPListener)(0x24e2fad79280), quit:(chan interface {})(0x24e2fb13a5b0)}"}
{"time":"2026-06-22T10:54:47.474317+04:00","level":"INFO","msg":"could not connect to phone","module":"go-ios/forward","deviceID":84,"conn":"&net.TCPConn{conn:net.conn{fd:(*net.netFD)(0x24e2faf77700)}}","error":"Failed connecting to service, error code:3","phonePort":8100}
{"time":"2026-06-22T10:54:47.474918+04:00","level":"INFO","msg":"new client connected","module":"go-ios/forward","deviceID":84,"phonePort":8100,"conn":"&forward.ConnListener{listener:(*net.TCPListener)(0x24e2fad79280), quit:(chan interface {})(0x24e2fb13a5b0)}"}
{"time":"2026-06-22T10:54:47.475524+04:00","level":"INFO","msg":"could not connect to phone","module":"go-ios/forward","deviceID":84,"conn":"&net.TCPConn{conn:net.conn{fd:(*net.netFD)(0x24e2faf77a00)}}","error":"Failed connecting to service, error code:3","phonePort":8100}
{"time":"2026-06-22T10:54:47.994895+04:00","level":"INFO","msg":"new client connected","module":"go-ios/forward","deviceID":84,"phonePort":8100,"conn":"&forward.ConnListener{listener:(*net.TCPListener)(0x24e2fad79280), quit:(chan interface {})(0x24e2fb13a5b0)}"}
{"time":"2026-06-22T10:54:47.996498+04:00","level":"INFO","msg":"could not connect to phone","module":"go-ios/forward","deviceID":84,"conn":"&net.TCPConn{conn:net.conn{fd:(*net.netFD)(0x24e2faf77d00)}}","error":"Failed connecting to service, error code:3","phonePort":8100}
{"time":"2026-06-22T10:54:47.997732+04:00","level":"INFO","msg":"new client connected","module":"go-ios/forward","deviceID":84,"phonePort":8100,"conn":"&forward.ConnListener{listener:(*net.TCPListener)(0x24e2fad79280), quit:(chan interface {})(0x24e2fb13a5b0)}"}
{"time":"2026-06-22T10:54:47.998592+04:00","level":"INFO","msg":"could not connect to phone","module":"go-ios/forward","deviceID":84,"conn":"&net.TCPConn{conn:net.conn{fd:(*net.netFD)(0x24e2fb022100)}}","error":"Failed connecting to service, error code:3","phonePort":8100}
{"time":"2026-06-22T10:54:48.97673+04:00","level":"INFO","msg":"new client connected","module":"go-ios/forward","deviceID":84,"phonePort":8100,"conn":"&forward.ConnListener{listener:(*net.TCPListener)(0x24e2fad79280), quit:(chan interface {})(0x24e2fb13a5b0)}"}
{"time":"2026-06-22T10:54:48.977776+04:00","level":"INFO","msg":"could not connect to phone","module":"go-ios/forward","deviceID":84,"conn":"&net.TCPConn{conn:net.conn{fd:(*net.netFD)(0x24e2fb022400)}}","error":"Failed connecting to service, error code:3","phonePort":8100}
{"time":"2026-06-22T10:54:48.9783+04:00","level":"INFO","msg":"new client connected","module":"go-ios/forward","deviceID":84,"phonePort":8100,"conn":"&forward.ConnListener{listener:(*net.TCPListener)(0x24e2fad79280), quit:(chan interface {})(0x24e2fb13a5b0)}"}
{"time":"2026-06-22T10:54:48.979122+04:00","level":"INFO","msg":"could not connect to phone","module":"go-ios/forward","deviceID":84,"conn":"&net.TCPConn{conn:net.conn{fd:(*net.netFD)(0x24e2fb022700)}}","error":"Failed connecting to service, error code:3","phonePort":8100}
{"time":"2026-06-22T10:54:49.50002+04:00","level":"INFO","msg":"new client connected","module":"go-ios/forward","deviceID":84,"phonePort":8100,"conn":"&forward.ConnListener{listener:(*net.TCPListener)(0x24e2fad79280), quit:(chan interface {})(0x24e2fb13a5b0)}"}
{"time":"2026-06-22T10:54:49.501012+04:00","level":"INFO","msg":"could not connect to phone","module":"go-ios/forward","deviceID":84,"conn":"&net.TCPConn{conn:net.conn{fd:(*net.netFD)(0x24e2fb022a00)}}","error":"Failed connecting to service, error code:3","phonePort":8100}
{"time":"2026-06-22T10:54:49.501543+04:00","level":"INFO","msg":"new client connected","module":"go-ios/forward","deviceID":84,"phonePort":8100,"conn":"&forward.ConnListener{listener:(*net.TCPListener)(0x24e2fad79280), quit:(chan interface {})(0x24e2fb13a5b0)}"}
{"time":"2026-06-22T10:54:49.502159+04:00","level":"INFO","msg":"could not connect to phone","module":"go-ios/forward","deviceID":84,"conn":"&net.TCPConn{conn:net.conn{fd:(*net.netFD)(0x24e2fb022d00)}}","error":"Failed connecting to service, error code:3","phonePort":8100}
{"time":"2026-06-22T10:54:49.596264+04:00","level":"INFO","msg":"closed listener successfully","module":"go-ios/forward","deviceID":84,"phonePort":8100}
